Jordan 3 Retro Crimson,136064-005,$160,2013-02-23,Black/Bright Crimson,$162 - $216
Jordan 1 Retro Black Toe 2013 (GS),575441-184,White/Black-Gym,Red,--,$117 - $143
Jordan 3 Retro White Flip,315767-101,$150,2007-03-24,White/Chrome-Black,$189 - $211
Jordan 7 Retro Premio Bin 23,436206-101,$175,2010-11-26,White/Del Sol-Black-Challenge Red,"$947 - $1,553"
Jordan 3 Retro Purple Dust (GS),441140-506,$140,2016-10-29,Purple Dust/Atomic Pink-Blue Cap,$32 - $58
Jordan XXX1 Banned,845037-001,$185,2016-09-03,Black/White/University Red,$95 - $157
Jordan 18 OG Low Black Silver Chrome,306151-001,$150,2003-05-31,Black/Metallic Silver-Chrome,$69 - $181
Jordan 15 Retro Stealth (2017),881429-001,$190,2017-01-07,Black/Varsity Red-Anthracite,$87 - $163
Jordan 2 Retro Infrared Cement,385475-023,$160,2014-04-12,Black/Infrared 23-Pure Platinum-White,$54 - $156
Jordan 1 Retro White Vachetta Tan,845018-142,$160,2016-07-09,White/Vachetta Tan-White,$133 - $217
Jordan 16 OG Ginger,136080-701,$160,2001-11-24,Light Ginger/Dark Charcoal-White,$233 - $363
Jordan 4 Retro Obsidian,819139-402,$400,2016-09-17,Obsidian/Obsidian-White,$420 - $580
Jordan 14 Retro Oxidized Green (2016),487471-106,$190,2016-07-16,White/Oxidized Green-Legend Blue-Black,$154 - $196
Jordan 1 Retro Gold Medal,332550-406,$140,2016-08-01,Deep Royal Blue/Metallic Gold Coin-White,$54 - $106
Jordan 11 Retro Low Infrared,528895-023,$150,2014-06-14,Black/Infrared 23-Pure Platinum,$205 - $335
Jordan 4 Retro Denim (GS),487724-408,$140,2016-01-16,Dark Obsidian/Vivid Pink-White-Metallic Gold,$28 - $72
Jordan 3 Retro Black Flip,315767-001,$175,2011-12-03,Black/Metallic Silver,$176 - $284
Jordan 5 Retro Low Neymar,846315-025,$200,2016-06-03,Reflective Silver/Infrared 23-Black,$113 - $197
Jordan 3 Retro True Blue (2009),136064-141,$125,2009-08-08,White/Cement Grey-True Blue,$126 - $194
Jordan Melo M11 Hebru,814286-050,Black/Reflective,Silver,--,$10 - $200
Jordan Shine Black,689480-010,$400,2014-07-26,Black/Black,-- - $267
Jordan 1 Retro Mid New Love 2017 (GS),554725-035,$85,2017-06-01,Black/Varsity Maize-White,$180 - $250
Jordan 13 Retro Low Quai 54,810551-050,$250,2015-06-13,Black/Dark Grey-White-Chrome,$320 - $530
Jordan 1 Retro Metallic Navy (2016),555088-106,$160,2016-06-04,White/Metallic Navy,$68 - $122
Jordan Spiz'ike OG (2014),315371-125,$175,2014-08-09,White/Varsity Red-Cement Grey,$196 - $290
Jordan 1 Retro Mid Black Red White,554724-028,$110,2015-09-16,Black/White/Gym Red/Black,$75 - $105
Air Jordan Spizike Black Varsity Red,315371-061,$175,2007-01-27,White/Varsity Red-Classic Green,$161 - $221
Jordan 7 Retro Doernbecher (GS),898650-015,$140,2016-12-17,Black/University Red,$107 - $189
Jordan 4 Retro Eminem Carhartt,136863,$0,2015-11-23,Retro Black/Metallic Silver,"$7,800 - $18,200"
Jordan 3 Retro Stealth,136064-003,$150,2011-09-03,Stealth/Varsity Red-Light Graphite-Black,$270 - $330
Jordan 5 Retro Green Bean,136027-031,$135,2006-09-23,Silver-Green Bean-Flint Grey 3M,$139 - $273
Jordan 6 Retro Purple Dynasty (GS),543390-509,$140,2016-12-30,Purple Dynasty/White,$34 - $118
Jordan 14 Retro Black Toe (2006),311832-162,$150,2006-04-18,White/Black-Varsity Red-Metallic Silver,$237 - $353
Jordan 4 Retro Columbia 2015 (GS),408452-107,$140,2015-01-10,White/Legend Blue-Midnight Navy,$79 - $121
Jordan 1 Retro High OG Quai 54,AH1040-054,$160,2017-07-08,Black/Italy Blue-University Red,$191 - $207
Jordan 8 Retro Alternate,305381-104,$190,2017-02-25,White/Gym Red-Black-Wolf Grey,$140 - $206
Jordan 4 Retro Kaws,930155-003,$350,2017-03-31,Cool Grey/White,"$1,158 - $1,312"
Jordan 9 Retro Statue,302370-109,$190,2015-08-22,White/Black-Militia Green,$155 - $201
Jordan 1 Retro Yin Yang Black,555088-011,$160,2016-08-06,Black/White-Black,$76 - $114
Jordan XXX1 Low Quai 54,921195-154,$160,2017-07-15,White/White-Black-University Red-Italy Blue,$110 - $170
Jordan 5 Retro Hot Lava (GS),440892-018,$140,2015-05-09,Wolf Grey/Black-Hot Lava-White,$148 - $212
Jordan 1 Retro Shadow (2013),555088-014,$140,2013-07-13,Black/Soft Grey,$276 - $484
Jordan 11 Retro Low Columbia Blue (2001),136053-141,$115,2001-04-14,White/Columbia Blue,$530 - $770
Jordan 1 Retro Shadow 2013 (GS),575441-014,$98,2013-07-13,Black/Soft Grey,$302 - $369
Jordan 12 Retro University Blue (GS) (2016),510815-127,$140,2016-05-21,White/Metallic Gold-University Blue,$120 - $198
Jordan 13 Retro Low Bred,310810-027,$160,2015-06-13,Black/Metallic Gold-University Red-White,$98 - $214
Jordan 5 Retro Supreme Desert Camo,824371-201,$198,2015-10-16,Desert Camo/Fire Red-Black,$335 - $535
Jordan 1 Retro Mid Obsidian White,554724-402,$110,2017-07-01,Obsidian/White-White,$70 - $110
Jordan 8 Retro Black Toes,317258-104,$150,2007-11-17,White/Anthracite-Dark Orange,$128 - $202
Jordan 1 Retro High Camo 3M Wolf Grey,AA3393-027,$145,2017-08-01,Wolf Grey/Dark Grey-White-University Red,$74 - $106
Jordan 23 Trophy Room White,853336-123,$275,2016-05-23,White/Metallic Gold-Black-White,$306 - $894
Jordan 12 Retro Deep Royal Blue (GS),153265-400,$140,2016-11-12,Deep Royal Blue/White-Metallic Silver,$135 - $185
Jordan 1 Retro XQ (2013),555088-040,$140,2013-07-26,Black/Gold Dust-Sport Red-White,$561 - $799
Jordan 11 Retro Low White Red (2012),528895-101,$140,2012-05-05,White/Varsity Red-Black,$189 - $311
Jordan 10 Retro Shanghai,310805-024,$190,2016-06-18,Black/Fierce Purple-Gamma Blue,$213 - $305
Jordan Future Bred,652141-601,Black/Gym,Red-White,--,$264 - $336
Jordan 11 Retro Heiress Night Maroon (GS),852625-650,$220,2016-12-17,Night Maroon/Metallic Gold-Night Maroon,$274 - $326
Jordan 13 Retro Low Hornets,310810-107,$160,2015-04-18,White/Metallic Silver-Midnight Navy-Turquoise Blue,$164 - $236
Jordan 10 Retro Doernbecher,636214-066,$170,2013-11-23,Black/Gym Red,$211 - $311
Jordan 9 Retro Johnny Kilroy,302370-012,$160,2012-10-06,Black/Gym Red-Metallic Platinum,$203 - $297
Jordan 4 Retro Pure Money (2006),308497-102,$115,2006-05-20,White/Metallic-Silver,$192 - $398
Jordan 1 Retro Banned (2011),432001-001,$125,2011-06-02,Black/Varsity Red-White,"$1,297 - $2,101"
Jordan 1 Retro Premier Red Gucci (2013),332134-631,$115,2013-12-02,Varsity Red/Dark Army-White,$58 - $142
Jordan 12 Retro Low Max Orange,308317-003,$170,2017-01-14,Black/Max Orange-Anthracite-Metallic Silver,$140 - $190
Jordan 1 Retro Low White Neutral Grey,705329-100,White/Neutral,Grey,--,$84 - $116
Jordan 1 Retro Bred (2013),555088-023,$140,2013-12-28,Black/Varsity Red-White,$303 - $391
Jordan 1 Retro High Strap Bred,342132-061,$110,2008-11-22,Black/Varsity Red-White,$107 - $191
Jordan XX9 Playoff Pack Home,749143-104,$225,2015-04-15,White/White-Cool Blue-Photo Blue,$92 - $134
Jordan 13 Retro Black Cat (GS),884129-011,$140,2017-01-21,Black/Anthracite-Black,$75 - $115
Jordan 6 Retro Slam Dunk,717302-600,$250,2014-11-01,Varsity Red/Varsity Red-White,$308 - $482
Jordan 2 Retro Decon Black,897521-010,$160,2017-07-15,Black/Black,$80 - $118
Jordan 1.5 Retro Bred,768861-001,$150,2015-11-21,Black/Gym Red-White,$142 - $226
Jordan 6 Retro Black Varsity Red (2010),384664-003,$150,2010-06-19,/ 061 Black/Varsity Red,$313 - $397
Jordan 15 Retro PSNY Black Suede,921194-011,$225,2017-09-10,Black/Black-Sail-Black,$254 - $296
Jordan 3 Retro Infrared 23 (GS),398614-123,White/Blackwlf,Grey-Infrrd,23,--,$47 - $105
Jordan XXX Gym Red,811006-601,$200,2016-05-21,Gym Red/Gym Red-Black,$100 - $160
Jordan 4 Retro Tour Yellow / Rare Air,314254-171,$125,2006-05-20,White/Tour Yellow-Dark Blue-Grey-Black,$543 - $705
Jordan 2 Retro QF White Varsity Red (2010),395709-101,White/Black-Varsity,Red,--,$127 - $271
Jordan 6 Retro Olympic Flag Beijing,325387-161,$150,2008-06-07,White/Varsity Red-Green Bean-New Blue,$185 - $365
Jordan 9 Retro Silver Anniversary,302370-104,$150,2010-03-10,White/Metallic Silver,$411 - $689
Jordan 11 OG Playoffs (1995),130245-062,$125,1995-01-01,Black/True Red-White,$276 - $504
Jordan 9 Retro Low Blue Pearl,303895-142,$115,2002-09-21,White/Blue Pearl,$272 - $378
Jordan 5 Retro Low Knicks,819171-417,$175,2016-03-28,Deep Royal Blue/Team Orange-Midnight Navy-Atomic Red,$203 - $247
Jordan 11 Retro Space Jam 2016 (PS),378039-003,$90,2016-12-10,Black/Dark Concord-White,$78 - $120
Jordan 1 Retro High Flyknit Bred,919704-001,$180,2017-09-09,Black/Varsity Red-White,$201 - $219
Jordan 1 Retro High Decon Sheen,867338-620,$100,2017-04-16,Sheen/Vachetta Tan-White,$89 - $111
Jordan 9 Retro Anthracite,302370-013,$190,2015-09-05,Anthracite/Black-White,$155 - $225
Jordan 12 Retro Wool (GS),852626-003,$150,2016-10-01,Dark Grey/Metallic Silver-Black,$188 - $282
Air Jordan Force Taxi 12,317742-101,$140,2008-01-05,White/Black-Taxi,$113 - $138
Jordan 18 Retro Bred CDP (2008),332548,$155,2008-08-23,061 Black/Varsity Red,$150 - $240
Jordan 1 Retro High Heiress Pure Platinum (GS),832596-100,$140,2017-05-20,White/White-Pure Platinum,$55 - $95
Jordan Spiz'ike Toro Bravo,315371-601,$175,2012-10-20,Gym Red/Black-Dark Grey,$114 - $186
Jordan 2 Retro Low Chicago (2016),832819-101,$160,2016-05-21,White/Black-Varsity Red,$141 - $189
Jordan 6 Retro Low University Blue,304401-141,$105,2002-04-27,White/University Blue,$183 - $267
Jordan 5 Retro Fire Red CDP (2008),136027-163,$155,2008-06-21,White/Fire Red- Black,$296 - $404
Jordan 1 Retro Mid Black Team Red,554724-009,$110,2016-11-01,Black/Team Red-Team Red-White,$28 - $82
Jordan 3 Retro Black Cement CDP (2008),340254-061,$155,2008-10-18,Black/Cement Grey,$262 - $438
Jordan 1 Retro Hare Jordan (2015),719551-123,$125,2015-04-04,White/True Red-Light Silver-Black,$135 - $195
Jordan 12 Retro Hornets (GS),510815-418,$140,2016-10-08,Blue Cap/Metallic Silver-Dark Purple Dust,$156 - $204
Jordan 1 Retro Hare Jordan (2009),374454-011,$110,2009-04-11,Light Silver/White-True Red,$228 - $372
Jordan Future Low Cool Grey,718948-004,$145,2015-08-24,Grey Mist/White-Cool Grey,$165 - $185
Jordan 13 Retro Wolf Grey Deadly Pink (GS),439358-018,$140,2017-08-26,Wolf Grey/White-Deadly Pink-White,$70 - $130
Jordan 10 Retro Steel (2005),310805-101,$125,2005-05-07,White/Black/Light Steel Grey/Varsity Red,$180 - $270
Jordan 6 Retro Midnight Navy,136038-141,$120,2000-10-04,White/Midnight Navy,$281 - $369
Jordan 6 Retro Defining Moments (DMP),136038-071,$148,2006-01-28,Black/Metallic Gold,$536 - $664
Jordan Trainer 1 Low Michigan,845403-420,$125,2016-08-08,College Navy/White-Amarillo,$110 - $170
"Jordan 1 Retro All Star 2017 ""Chameleon"" (GS)",907959-015,$140,2017-02-19,Black/Black-Metallic Silver,$79 - $151
Jordan 8 Retro Black Chrome,305381-001,$135,2003-05-03,Black/Chrome,$281 - $369
Jordan 23 UNC,318376-041,$185,2008-11-28,Black/University Blue-White,$264 - $386
Jordan 11 Retro Low IE Black Varsity Red (2011),306008-001,Black/Varsity,Red-White,--,$251 - $385
Jordan 12 Retro Gym Red,130690-600,$190,2016-07-02,Gym Red/Black-White,$161 - $241
Jordan 11 Retro Space Jam (2000),136046-041,$125,2000-12-13,Black/Varsity Royal-White,$257 - $443
Jordan 12 OG Taxi (1997),130690-101,$135,1996-11-01,White/Black-Taxi,$296 - $364
"Jordan 7 Retro Championship Pack ""Champagne""",725093-140,$250,2015-06-20,White/Metallic Gold-Black,$241 - $359
Jordan 13 Retro Golf Cleat White Red,917719-101,$200,2017-05-19,White/University Red,$308 - $368
Jordan 5 Retro 3Lab5 Infrared,599581-010,$225,2013-12-31,Black/Infrared,$229 - $321
Jordan XXX1 Low Chicago (Home),897564-101,$160,2017-06-30,White/University Red-Black-Pure Platinum,$91 - $109
Jordan 2 Retro Decon Mineral Gold,897521-707,$160,2017-05-24,Mineral Gold/Mineral Gold,$145 - $235
Jordan 1 Retro Black Toe (2016),555088-125,$160,2016-11-05,White/Varsity Red/Black,$311 - $501
Nike Hypervenomx Proximo NJR TF Neymar x Jordan,820134-006,$190,2016-06-01,Black/Metallic Silver-Light Crimson-White,$71 - $169
Jordan 11 Retro Playoffs CDP (2008),136046-062,$155,2008-12-20,Black/True Red-White,$466 - $534
Jordan 9 Retro Cool Grey (2012),302370-015,$160,2012-12-15,Medium Grey/White-Cool Grey,$204 - $288
Jordan 8 Retro Cool Grey,305381-014,$190,2017-08-26,Cool Grey/Wolf Grey-Cool Grey,$165 - $185
Jordan 7 Retro Olympic (2004),304775-171,$125,2004-08-21,White/Metallic Gold-Navy-True Red,$181 - $259
Jordan Spiz'ike Fresh Since '85,315371-062,$175,2010-02-20,Black/Varsity Red-Cement Grey-Military Blue,$144 - $238
Jordan 2 Retro Decon Thunder Blue,897521-402,$160,2017-07-15,Thunder Blue/Thunder Blue-White,$89 - $111
Jordan 1 Retro Chicago 2015 (GS),575441-101,$120,2015-05-30,White/Varsity Red-Black,$211 - $227
Jordan 7 Retro French Blue (2002),304775-141,$125,2002-12-14,White/French Blue-Flint Grey,$177 - $225
Jordan 8 Retro Bugs Bunny (2013),305381-103,$160,2013-04-20,White/Hyper Blue-True Red-Flint Grey,$196 - $244
Jordan 11 Retro Low Bred,528895-012,$170,2015-05-23,Black/True Red-White,$212 - $326
Jordan 5 Retro Black Metallic (2011),136027-010,$150,2011-08-20,Black/Varsity Red-Metallic Silver,$167 - $283
Jordan XXX1 Shattered Backboard,845037-021,$185,2016-10-08,Black/Black-Starfish,$74 - $96
Jordan 1 Retro Black Metallic Gold (2003),136085-070,$100,2003-12-23,Black/Metallic Gold,$400 - $500
Jordan Ultimate Gift of Flight (11/29),717602-900,$500,2014-12-23,Multi-Color/Multi-Color,$385 - $563
Jordan Countdown Pack 9/14,318541-992,$310,2008-03-15,Multi-Color/Multi-Color,$421 - $579
Jordan 10 Retro Drake OVO White,819955-100,$225,2015-09-12,Summit White/Metallic Gold-White,$300 - $420
Jordan 6 Retro Brazil World Cup,688446-020,$300,2014-06-21,Black/Brazil Yellow-Green Mint,$250 - $350
Jordan 11 Retro Low IE Argon Blue,306008-471,$115,2007-08-04,Argon Blue/Zest_White,$169 - $231
Jordan 20 OG Midwest Red,310455-102,$175,2005-07-01,Varsity Red/White-Black,$79 - $221
Jordan 15 Retro Obsidian,881429-400,$190,2017-03-04,Obsidian/White-Metallic Silver,$68 - $128
Jordan 4 Retro Mist Blue,314254-041,$125,2006-06-24,Mist Blue/University Blue-Gold Leaf-White,$316 - $444
Jordan Spiz'ike Space Blue,315371-407,Space,Blue/Wolf,Grey/Tropical,Teal/Fusion,Pink,--,$59 - $119
Jordan 3 Retro (W) Harbor Blue (W),315296-142,$175,2007-03-03,White/Harbor Blue-Boarder Blue,$235 - $315
Jordan 1 Retro Beginning Moments Pack (BMP) Old Love,136085-102,$100,2007-04-22,White/Black-Varsity Red,$119 - $231
Jordan Future Easter Multi-Color,652141-006,$185,2014-04-19,Black/Cool Grey-PR Platinum-Hyper Crimson,$158 - $242
Jordan 8 Retro Black Cement,305381-022,$190,2017-09-16,Black/Gym Red-Black-Wolf Grey,$178 - $202
Jordan 6 Retro Alternate Hare (GS),384665-113,$140,2017-03-11,White/Gym Red-Pure Platinum,$30 - $100
Jordan 3 Retro Fire Red (2007),136064-161,$125,2007-03-24,White/Fire Red-Cement Grey,$172 - $226
Jordan 23 Titanium,318474-151,$230,2008-01-25,White/Titanium-University Blue,"$565 - $1,036"
Jordan 11 Retro Low IE Silver Zest,306008-072,$115,2007-06-30,Silver/Zest-White,$199 - $335
Jordan 12 Retro The Master,130690-013,$190,2016-02-27,Black/Rattan-White-Metallic Gold,$226 - $352
Jordan 9 Retro Low Snakeskin,832822-001,$170,2016-04-16,Black/Gym Red-White,$146 - $174
Jordan 13 Retro Chris Paul Home,807504-107,$200,2015-11-11,White/India Blue/Purple Campus,$253 - $337
Jordan 14 Retro Ferrari,654459-670,$200,2014-09-06,Challenge Red/Black-Vibrant Yellow,$267 - $363
Jordan 6 Retro Carmine CDP (2008),322719-161,$155,2008-05-24,White/Black-Carmine,$191 - $343
Jordan 6 Rings Bred,322992-071,$160,2013-11-30,Black/Varsity Red-White,$55 - $185
Jordan 7 Retro Bordeaux 2015 (GS),304774-034,$140,2015-07-18,Black/Bordeaux-Light Graphite-Midnight Fog,$128 - $172
Jordan XXX1 Low Black Gold,897564-023,$160,2017-07-28,Black/Black-Anthracite-Metallic Gold,$130 - $146
Jordan 10 Retro Ice Blue,310805-141,$125,2005-06-11,White/Obsidian/Ice Blue/Varsity Red,$183 - $277
Jordan 4 Retro Teal,705331-330,$190,2015-03-14,Teal/White-Black-Retro,$139 - $211
Jordan 6 Retro Pistons,384664-001,$150,2010-04-17,Black/Varsity Red-True Blue-Light Graphite,$333 - $467
"Jordan 8 Retro Take Flight ""Undefeated"" (GS)",305368-305,$140,2017-01-28,Sequoia/Black-Wolf Grey-Max Orange,$112 - $166
Jordan 1 Retro AJKO Rival Pack,655328-900,Multi-Color/Multi-Color,--,$325 - $485
Jordan 9 Retro Bentley Ellis (Crawfish),302370-140,$160,2012-10-27,White/Dark Cayenne-University Gold,$280 - $370
Jordan 11 Retro Silver Anniversary (2010),408201-101,$150,2010-05-01,White/Metallic Silver,$257 - $403
Jordan 1 Retro BHM (2017),908656-001,$150,2017-02-16,Black/Metallic Gold-Black,$93 - $177
Jordan 14 Retro Thunder,487471-070,$170,2014-07-04,Black/Vibrant Yellow-White,$177 - $233
Jordan 11 Retro Low University Blue (GS),528896-106,$130,2017-04-15,White/University Blue,$65 - $95
Jordan 23 Chicago Bulls,318376-061,$185,2008-11-28,Black/Varsity Red-White,$158 - $302
Jordan 9 Retro French Blue (2002),302370-141,$125,2002-05-04,White/French Blue/Flint Grey,$325 - $375
Jordan 11 Retro Low Blue Moon (GS),580521-408,$130,2017-05-27,Blue Moon/Polarized Blue-Binary Blue,$125 - $195
Jordan Westbrook 0.2 Banned,854563-001,$140,2016-11-14,Black/Gym Red-Black,-- - $93
Jordan Spiz'ike Easter,315371-056,$175,2013-03-30,Stealth/Poison Green-University Blue-Blitz Blue-Vivid Sulpher,$11 - $159
Jordan 2011 Team Red White,436771-602,$170,2011-04-19,Team Red/Team Red-White,$41 - $109
Jordan 6 Retro Infrared Black (2014),384664-023,$185,2014-11-28,Black/Infrared23-Black,$269 - $341
Jordan 1 Retro Black Royal Blue (2013),555088-085,$140,2013-02-16,Black/Royal Blue,$177 - $573
Jordan 3 Retro White Cement ('88 Dunk Contest 2013),580775-160,$200,2013-02-06,White/Fire Red-Cement Grey-Black,$394 - $526
Jordan 1 Retro Do The Right Thing Red,332550-161,$110,2009-07-04,White/Varsity Red,$133 - $167
Jordan 12 Retro Nylon,130690-004,$190,2016-09-10,Black/Gym Red-White,$178 - $256
Jordan Spiz'ike New York Knicks,315371-805,Orange,Flash/Blue,Ribbon-Black-White,--,$234 - $300
Jordan 1 Retro Red Suede,332550-603,$140,2017-04-15,Gym Red/Gym Red,$106 - $134
Jordan 7 Retro Doernbecher,898651-015,$190,2016-12-17,Black/University Red,$257 - $313
Jordan XXX Quai 54 Cosmos,863586-010,$200,2016-06-25,Black/White,$319 - $531
Jordan 5 Retro Low Dunk From Above,819171-135,$175,2016-02-20,White / Metallic Gold Star - Midnight Navy,$109 - $171
Jordan 1 Retro Ultra High Space Jam,844700-002,$150,2016-12-03,Black/Concord-Black-White,$85 - $101
Jordan 7 Retro Tinker Alternate,304775-123,$190,2016-08-06,White/Metallic Gold Coin-Deep Royal Blue-Fire Red-Lite Iron Ore,$121 - $179
Jordan 16 OG Low Black / Chrome,136069-001,$135,2001-09-29,Black/Black-Metallic Silver,$180 - $220
Jordan 5 Retro Supreme White,824371-101,$198,2015-10-16,White/Fire Red-Black,$295 - $609
Jordan 11 Retro Low Cherry 2016 (GS),528896-102,$120,2016-06-04,White/Varsity Red-Black,$139 - $181
Jordan 1 Retro Black White (2014) (GS),575441-010,Black/White-Black,--,$144 - $232
Jordan 5 Retro DMP Raging Bull 3M,136027-061,$155,2009-05-30,Black/Varsity-Red,$427 - $473
Jordan 13 Retro Chris Paul Away,823902-015,$200,2015-11-07,Black/Sunstone-Orion Blue,$160 - $202
Jordan 7 Retro Nothing But Net,304775-142,$190,2015-11-14,White/University Red-Black-Bright Concord,$145 - $225
Jordan 12 Retro PSNY,130690-003,$300,2015-12-17,Dark Grey/Dark Grey-Black,$426 - $524
Jordan 12 Retro Nylon (GS),153265-004,$190,2016-09-10,Black/Gym Red-White,$38 - $152
Jordan 1 Retro Alpha,316269-142,$110,2007-06-02,White/University Blue-Black,$129 - $271
Jordan 9 Retro OG (2016),302370-112,$190,2016-12-03,White/Black-True Red,$173 - $217
Jordan 5 Retro Poison Green,136027-115,$190,2015-06-06,White/Infrared 23-Light Poison Green-Black,$197 - $253
Jordan 11 Retro Low IE Black Zest,306008-002,$115,2007-06-30,Black/Zest-White,$117 - $233
Jordan Golden Moments Pack (6/7),535357-935,$350,2012-08-18,Multi-Color/Multi-Color,$319 - $521
Jordan 1 Retro Opening Day White,325514-102,$100,2008-03-29,White/Black-Silver,$174 - $276
Jordan 13 Retro Hyper Pink (GS),439358-008,$130,2014-11-02,Black/Hyper Pink-White,$163 - $207
Jordan 1 Retro Mid White Cool Grey,554724-102,White/Cool,Grey-White,--,$98 - $120
Jordan 7 Retro French Blue (2015),304775-107,$190,2015-01-24,White/French Blue-University Blue-Flint Grey,$179 - $221
Jordan 1 Retro Fathers Day Black White,325514-011,$100,2008-06-07,Black/White,$68 - $158
Jordan 1 Retro High Camo 3M Shadow,AA3993-034,$145,2017-08-01,Black/Black-Dark Stucco-White,$101 - $123
Jordan 10 Retro Drake OVO Black,819955-030,$225,2016-02-13,Black/Metallic Gold-Black,$240 - $280
Jordan 12 Retro The Master (GS),153265-013,$140,2016-02-27,Black/Rattan-White-Metallic Gold,$129 - $181
Jordan 5 Retro Metallic White (2015),136027-130,$190,2015-04-04,White/Metallic Silver-Black,$131 - $191
Jordan 5 Retro Laney (2013),136027-189,$170,2013-11-02,White/Varsity Maize-Varsity Royal-Black,$179 - $237
Jordan 1 Retro Mid New Love (2017),554724-035,$110,2017-06-01,Black/Varsity Maize-White,$139 - $175
Jordan 1 Retro David Letterman,555088-606,$160,2016-04-30,Light Crimson/Midnight Navy-University Blue-White,$50 - $150
Jordan 10 Retro Rio,310805-019,$190,2016-05-07,Wolf Grey/Photo Blue-Obsidian-Green Glow,$168 - $182
Jordan 10 Retro London,310805-004,$190,2016-06-18,Pure Platinum/Dark Grey/Cool Grey/Metallic Gold,$201 - $249
Jordan 11 Retro Low IE Obsidian,919712-400,$175,2017-07-29,Obsidian/White,$143 - $179
Jordan 12 Retro Low Playoffs (GS),308305-004,$130,2017-02-25,Black/Varsity Red-White-Metallic Silver,$125 - $175
Jordan 2 Retro Doernbecher Peacock,318304-071,$140,2007-11-09,Black/Pro Gold-Lucky Green,"$1,304 - $1,696"
Jordan 4 Retro White Cement (1999),136013-101,$100,1999-06-02,White/Black,$48 - $452
Jordan 6 Retro Carmine 2014 (GS),384665-160,$120,2014-05-24,White/Carmine-Black,$119 - $241
Jordan 5 Retro Heiress Camo (GS),919710-030,$160,2017-09-16,Black/Black-Light Bone-Metallic Field,$115 - $125
Jordan 7 Retro Citrus,304775-081,$135,2006-06-28,Black/Citrus-Varsity Red,$125 - $277
Jordan Trunner LX BHM (2017),909408-032,$170,2017-02-16,White/Black-Metallic Gold,$42 - $118
Jordan 4 Retro Oreo (2015),314254-003,$190,2015-02-21,Black/Tech Grey-White,$213 - $287
Jordan 1 Retro Mid Team Royal Ice Blue,554724-,400,$110,2017-04-01,Team Royal/Ice Blue-White,$89 - $111
Jordan 13 Retro Altitudes (2005),310004-031,$150,2005-02-26,Black/Altitude Green,$309 - $441
Jordan 13 Retro 3M Reflective Silver,696298-023,$185,2014-10-04,Reflective Silver/Infrared 23-Black,$223 - $277
Jordan 1 Retro Blake Griffin PE,332550-601,$130,2014-12-20,Gym Red/Black-White,$68 - $136
Jordan Future Premium Metallic Silver,652141-050,$185,2014-07-26,Metallic Silver/Black-White,$167 - $333
Jordan 1 Retro Red Elephant Print,839115-600,$140,2016-01-21,Gym Red/White-Team Red-White,$78 - $102
Jordan 10 Retro Bobcats,310805-026,$170,2014-01-11,Wolf Grey/New Slate-Atomic Orange-Dark Powder Blue,$85 - $131
Jordan 12 Retro Low Wolf Grey,308317-002,$170,2017-03-18,Wolf Grey/Armory Navy-Electrolime,$163 - $217
Jordan 8 Retro Aqua (2015),305381-025,$190,2015-11-27,Black/Bright Concord-Aqua Tone,$170 - $230
Jordan 13 Retro Alternate History Of Flight,414571-103,$190,2017-07-22,White/Metallic Silver-University Red,$118 - $160
Jordan 1 Retro Shattered Backboard,555088-005,$160,2015-06-27,Black/Starfish-Sail,$549 - $801
Jordan 10 Retro Venom Green,310805-033,$170,2014-03-22,Black/Cool Grey-Anthracite-Venom Green,$153 - $197
Jordan 7 Retro Black Hyper Pink (GS),442960-018,$140,2017-04-29,Black/Hyper Pink,$26 - $74
Jordan XXX1 Battle Grey,914293-013,$165,2016-10-29,Dark Grey/Wolf Grey,$23 - $177
Jordan 12 Retro Wolf Grey Vivid Pink (GS),510815-029,$140,2016-11-19,Wolf Grey/Vivid Pink-Cool Grey,$122 - $168
Jordan 1 Retro Mid Nouveau Cool Grey,629151-007,$135,2014-11-14,Cool Grey/White/Gum Light Brown,$90 - $110
Jordan 3 Retro 5Lab3 Black,631603-010,$225,2014-05-17,Black/Black-Clear,$112 - $188
Jordan 6 Retro Heiress Black Suede (GS),881430-029,$160,2017-02-17,Black/Black-White-Gym Red,$120 - $130
Air Jordan 2012 Deluxe Year Of The Dragon,484654-401,$223,2012-02-23,Storm Blue/White-Tidepool Blue,$97 - $143
Jordan 1 OG Laney,555088-707,$140,2013-11-16,Varsity Maize/Game Royal-White,$148 - $222
Jordan 1 Retro Defining Moments Pack Bred (DMP),332550-061,$112,2009-07-11,Black/Varsity Red,$163 - $247
Jordan 1 Retro Blue Suede,332550-404,$140,2017-04-01,Team Royal/Team Royal,$46 - $154
Jordan 11 Retro Pantone,689479-405,$250,2014-12-23,Pantone Blue/White,$298 - $418
Jordan 14 Retro Graphite Chartreuse (2005),311832-031,$150,2005-09-24,Light Graphite/Chartreuse-Black,$99 - $211
Jordan 6 Retro Pantone (GS),543390-407,$140,2017-03-25,Still Blue/White-White,$170 - $230
Jordan 9 Retro Low Bright Mango,832822-805,$170,2016-05-07,Bright Mango/Hasta-Ghost Green,$39 - $117
Jordan Son of Mars Marvin the Martian,512245-006,$160,2015-08-08,Black/Gym Red-Cool Grey-Green Pulse,$94 - $112
Jordan 14 Retro Light Graphite (2011),311832-011,$160,2011-10-08,Light Graphite/Midnight Navy-Black,$215 - $285
Jordan 1 Retro KO Bred (2015),638471-001,$140,2015-12-19,Black/Varsity Red-White,$25 - $155
Jordan 14 Retro White Forest Green,311832-131,$150,2005-10-22,White/Black-Deep Forest Green-Graphite,$109 - $261
Jordan 8 Retro Low Playoffs (2003),306157-061,$110,2003-08-23,Black/Varsity Red-White,$105 - $195
Jordan XX9 All Star,744312-100,$225,2015-02-07,White/Reflect Silver-Wolf Grey-Retro,$184 - $200
Jordan 12 Retro Hyper Jade (GS),510815-017,$140,2016-07-02,Black/Metallic Silver-Hyper Jade,$98 - $182
Jordan 20 Retro Stealth,310455-002,$220,2015-03-14,Black/Stealth-Varsity Red,$191 - $241
Jordan 7 Retro Barcelona Days,304775-016,$190,2015-04-25,Grey/Wolf Grey-Total Orange-Turquoise Blue,$125 - $195
Jordan 2 Retro Wing It,834272-103,$190,2016-03-05,White/Black-Cool Grey,$99 - $161
Jordan 11 Retro Low University Blue (2017),528895-106,$175,2017-04-15,White/University Blue,$163 - $207
Jordan 3 Retro Black History Month,455657-001,$175,2011-02-26,Black/Metallic Gold,$72 - $328
Jordan 4 Retro Cavs,308497-027,$160,2012-05-12,Black/Safety Orange-Game Royal,$178 - $272
Jordan 11 Retro Concord 2011 (GS),378038-107,$90,2011-12-23,White/Black-Dark Concord,$261 - $391
Jordan 6 Retro Low Infrared White,304401-123,$175,2015-07-04,White/Infrared 23-Black,$191 - $259
Jordan Countdown Pack 8/15,338151-991,$310,2008-11-15,Multi-Color/Multi-Color,$334 - $666
Jordan 1 Retro High OG Spike Lee Fort Greene,705588-550,$300,2017-06-16,Midnight Navy/Black-White,"$1,890 - $3,310"
Jordan 5 Retro Fire Red (2006),136027-162,$160,2006-12-16,White/Fire-Red/Black,$146 - $196
Jordan 3 Retro Joker,136064-018,$160,2013-02-16,Black/Electric Green/Cayanne/Purple/White,$158 - $222
Jordan 9 Retro Photo Blue Black Bottom,302370-007b,Black/Photo,Blue-White,$160,2013-05-09,--,$134 - $226
Jordan 1 Retro AJKO Royal,638471-007,$140,2014-08-23,Black/Black-Sport Blue,$132 - $198
Jordan 11 Retro Concord (2011),378037-107,$175,2011-12-23,White/Black-Dark Concord,$310 - $520
Jordan 3 Retro Fire Red (2013),136064-120,$160,2013-08-03,White/Fire Red-Neutral Grey-Black,$167 - $255
Jordan 3 Retro White Cement 2011 (GS),398614-105,White/Fire,Red-Cement,Grey-Black,--,$159 - $184
Jordan 6 Retro Motorsport,395866-101,$175,2010-02-06,White/Black,$316 - $404
Jordan 1 Retro LA,819012-130,$160,2015-11-14,White/Metallic Gold,$93 - $187
Jordan 3 Retro Powder Blue,136064-406,$170,2014-01-18,Dark Powder Blue/Black-Wolf Grey-White,$99 - $181
Jordan 4 Retro Dunk From Above (GS),408452-425,$140,2016-03-19,Midnight Navy/Metallic Gold-Gold Leaf-White,$67 - $93
Jordan 19 OG Bred (2004),307546-061,$165,2004-05-08,Black/Varisty Red,$267 - $333
Jordan 20 Retro Black CDP (2008),340252-001,$155,2008-10-18,Black/Black-Dark Charcoal,$29 - $123
Jordan 2 Retro QF Candy Pack Green,395709-301,$135,2010-11-06,Classic Green/White-Black,$165 - $287
Jordan 5 Retro Black Metallic (2016),845035-003,$220,2016-07-23,Black/Fire Red-Metallic Silver-White,$206 - $264
Jordan 9 Retro Calvin Bailey,302370-445,$160,2012-11-10,Deep Royal/University Gold-White,$147 - $249
Jordan 4 Retro Lightning,314254-702,$250,2006-08-23,Tour Yellow/Dark Blue-Grey-White,"$987 - $1,713"
Jordan 1 Retro 4Lab1 Glow,677690-355,$185,2014-12-31,Glow/Reflect Silver-Black-White,$83 - $115
Jordan 5 Retro Red Suede,136027-602,$190,2017-07-02,University Red/Black,$144 - $196
Jordan 11 Retro Low Barons (GS),528896-010,$130,2017-05-27,Black/Metallic Silver-White,$55 - $119
Jordan 13 Retro Low Chutney,310810-022,$175,2017-06-10,Black/Chutney,$96 - $134
Jordan 13 Retro OG Chicago (2017),414571-122,$190,2017-02-18,White/Black-True Red,$163 - $225
Jordan 11 Retro Low Midnight Navy,528895-405,$170,2016-06-04,Midnight Navy/White-Light Gum Brown,$184 - $224
Jordan 2010 Welcome Home,387358-101,$170,2010-05-08,White/Black-Varsity Red,$89 - $120
Jordan 5 Retro Doernbecher,633068-010,$180,2013-09-14,Black/White-Black,"$795 - $1,023"
Jordan 11 Retro Playoffs (2012),378037-010,$180,2012-12-21,Black/True Red-White,$309 - $511
Jordan 10 Retro Chicago Bulls (2012),310805-100,$160,2012-01-21,White/Varsity Red-Black,$244 - $306
Jordan 2 Retro White Red CDP (2008),308308-162,$155,2008-04-26,White/Varsity Red,$77 - $163
Jordan 13 Retro Flint (2010),414571-401,$160,2010-11-26,French Blue/University Blue-Flint Grey,$222 - $416
Jordan 8 Retro Champagne,832821-030,$250,2016-06-25,Light Bone/Metallic Gold-White,$233 - $327
Jordan 13 Retro He Got Game (2013),309259-104,$170,2013-03-16,White/True Red-Black,$220 - $342
Jordan 5 Retro Grape (2006),314259-131,$145,2006-09-30,White/Grape Ice/New Emerald,$148 - $212
Jordan 9 Retro Doernbecher Pollito,580892-170,$175,2012-11-30,White/Metallic Gold-Black,$468 - $602
Jordan 2 Retro Melo,308308-141,$110,2004-04-24,White/Columbia Blue-Varisty Maize,$249 - $351
Jordan Son of Mars Olympic,512245-030,$160,2012-03-03,Neutral Grey/Varsity Maize-Dark Charcoal-Cool Green-Laser Blue-Black,$196 - $304
Jordan 5 Retro 3Lab5,599581-007,$225,2013-09-21,Cement Grey/Gamma Blue-Black,$193 - $247
Jordan 1 Retro Carmine (2014),555088-123,$140,2014-05-24,White/Black/Carmine,$153 - $247
Jordan 2 Retro Quai 54,866035-001,$180,2016-07-23,Light Bone/White-Metallic Gold,$211 - $269
Jordan 3 Retro Wool,854263-004,$200,2016-12-17,Dark Grey/Dark Grey-Sail,$91 - $129
Jordan XXX1 Space Jam,845037-002,$185,2016-12-03,Black/Dark Concord-White,$52 - $108
Jordan 1 Retro UNC,555088-117,$160,2015-10-10,White/Dark Powder Blue,$164 - $246
Jordan 11 Retro Low Midnight Navy (GS),528896-405,$120,2016-06-04,Midnight Navy/White-Light Gum Brown,$120 - $178
Jordan 13 Retro Low Black Varsity Maize,310810-001,$130,2005-05-21,Black/Metallic Silver-White-Varsity Maize,$302 - $358
Jordan 6 Retro Low Chrome (2015),304401-003,$175,2015-08-29,Black/Metallic Silver-White,$205 - $315
Jordan 11 Retro Gamma Blue (GS),378038-006,$130,2013-12-21,Black/Gamma Blue-Varsity Maize,$189 - $251
Jordan 1 Retro Night Vision Joker,136065-021,$115,2013-02-16,Black/Electric Green-Canyon Purple-Pure Violet,$85 - $145
Jordan 9 Retro Slim Jenkins,302370-045,$160,2012-11-24,Black/Matte Silver-University Blue,$168 - $242
Jordan 9 Retro Fontay Montana (Knicks),,,,,Black/Matte Silver-University Blue,
Jordan 1 Retro Black Metallic Gold (2013),555088-019,$140,2013-04-13,Black/Metallic Gold-White,"$1,491 - $2,309"
Jordan 22 OG Black White CDP (2008),332298-011,$155,2008-02-17,Black/White,$129 - $191
Jordan 1 Retro Storm Blue (GS),575441-127,$120,2016-12-23,Blue/White-Storm Blue,$67 - $103
Jordan 23 Chicago,811645-650,$225,2015-10-24,University Red/University Red-Gum Yellow,$40 - $190
Jordan 1 SB Craig Stecyk Black Silver,653532-001,$150,2014-03-15,Black/Black-Silver,$209 - $279
Jordan XXX1 Rio,845037-325,$185,2016-08-12,Green Abyss/Ghost Green-White,$107 - $193
Jordan 2 Retro QF Candy Pack Red,395709-601,$135,2010-11-06,Varsity Red/White-Black,$317 - $383
Jordan 1 Retro Royal 2017 (GS),575441-007,$120,2017-04-01,Black/Royal-White,$121 - $159
Jordan 14 Retro Indiglo (2016),487471-005,$190,2016-08-13,Black/White-Indiglo,$102 - $156
Jordan 11 Retro Space Jam 2016 (GS),378038-003,$170,2016-12-10,Black/Dark Concord-White,$201 - $233
Jordan 1 Retro Jeter RE2PECT,715854-402,$160,2014-09-20,Midnight Navy/Metallic Gold-Sail,"$788 - $1,072"
Jordan 5 Retro Red Suede (GS),440888-602,$190,7/2/17,University Red/Black,$131 - $169
Jordan Future QS Infrared 23,652141-023,$185,2014-03-15,Black/Black-Infrared 23,$355 - $495
Jordan Dub Zero Oreo,311046-002,$160,2016-11-09,Black/Wolf Grey-White,$107 - $119
Jordan 1 Retro AJKO Pure Platinum,638471-004,$140,2016-07-30,Pure Platinum/White-Metallic Silver,$78 - $102
Jordan 1 Retro Defining Moments Celtics (DMP),332550-101,$112,2009-07-11,White/Black-Classic Green,$327 - $353
Jordan Countdown Pack 5/18,332565-991,$310,2008-08-23,Multi-Color/Multi-Color,$200 - $300
Jordan 5 Retro Fear Pack,626971-350,$160,2013-08-24,Sequoia/Fire Red-Medium Olive-Black,$417 - $617
Jordan 4 Retro Fear Pack,626969-030,$175,2013-08-24,Black/White-Cool Grey-Pure Platinum,$454 - $684
Jordan 6 Retro Lakers,384664-002,$150,2010-05-15,Black/Varsity Purple-White-Varsity Maize,$196 - $354
Jordan 1 Retro Do The Right Thing Green,332550-131,$110,2009-07-04,White/Sea Green,$132 - $188
Jordan 3 Retro Cyber Monday (2016),136064-020,$190,2016-10-15,Black/Black-White,$97 - $143
Jordan 14 Retro Black University Blue,311832-041,$150,2006-01-14,Black/University Blue-Metallic Silver,$84 - $236
Jordan 13 Retro Golf Cleat White Navy,917719-102,$200,2017-05-19,White/Navy Blue,$255 - $345
Jordan 7 Retro Barcelona Nights,705350-007,$190,2015-03-07,Black/Blue Graphite-Retro-Infrared 23,$110 - $170
Jordan 5 Retro Low Chinese New Year,840475-060,$200,2016-01-23,Black/Bright Crimson-Beta Blue-Black,$209 - $291
Jordan 11 Retro Low Closing Ceremony (GS),528896-103,$130,2016-08-27,White/Metallic Gold Coin-Black,$134 - $172
Jordan 7 Retro Pacific Blue,304775-281,$135,2006-04-15,Pearl White/Ceramic-Pacific Blue,$322 - $378
Jordan XX9 Year of the Goat,727134-407,$225,2015-02-18,Blue Force/White-Black-Light Blue Lacquer,$204 - $296
"Jordan XXX1 All Star 2017 ""Chameleon""",905847-004,$200,2017-02-19,Black/Black-Metallic Silver-White,$94 - $126
Jordan 13 Retro Dirty Bred,414571-003,$185,2014-12-13,Black/Gym Red-Black,$184 - $296
Jordan 7 Retro Raptors (2002),304775-006,$125,2002-12-14,Black/Dark Charcoal-True Red,$161 - $291
Jordan 12 Retro Cherry (2009),130690-110,$150,2009-12-19,White/Varsity Red,$412 - $588
Jordan 7 Retro Flint,304775-151,$135,2006-04-22,White/Varsity Purple-Flint Grey,$325 - $425
Jordan 12 Retro Flu Game (2016),130690-002,$190,2016-05-28,Black/Varsity Red,$255 - $295
Jordan 19 OG SE Black Metallic Gold,308492-071,$165,2004-11-13,Black/Metallic Gold,$160 - $290
Jordan 3 Retro Sport Blue,136064-007,$170,2014-08-16,Black/Sport Blue-Wolf Grey,$204 - $246
Jordan 10 Retro Chicago Flag,310805-114,$190,2016-05-14,White/University Blue-Black-Bright Crimson,$81 - $239
Jordan 7 Retro Chambray,304775-042,$135,2006-02-25,Black/Chambray-Light Graphite,$218 - $332
Jordan 10 Retro Cool Grey,310805-023,$170,2014-01-25,Cool Grey/Black-Infrared,$205 - $295
Jordan 16 Bred (2001),136059-061,$170,2001-02-17,Black/Varsity Red,$189 - $311
Jordan 11 Retro Legend Blue (2014),378037-117,$200,2014-12-20,White/Black-Legend Blue,$222 - $288
Jordan 3 Retro Wool (GS),861427-004,$150,2016-12-17,Dark Grey/Dark Grey-Sail,$46 - $74
Jordan 4 Retro Ginger Wheat,819139-205,$400,2016-10-29,Ginger/Gum Yellow,$261 - $379
Jordan 19 OG Midwest,307546-101,$165,2004-07-10,White/Varsity Red-Metallic Silver,$209 - $341
Jordan 1 Retro White Black CDP (2008),332550-011,$155,2008-09-20,White/Black,$180 - $220
Jordan 1 Retro Low Bred (2015),705329-001,$130,2015-02-14,Black/Varsity Red-Sail,$66 - $154
Jordan 13 Retro Grey Toe (2014),414571-126,$185,2014-11-15,White/Black-True Red-Cement Grey,$150 - $250
Jordan XX8 Cement Elephant,555109-004,$250,2013-09-21,Cement Grey/White-Black-Gym Red,$216 - $284
Jordan 18 OG Black Sport Royal,305869-041,$175,2003-02-08,Black/Sport Royal,$324 - $476
Jordan 9 Retro White Black Red (2010),302370-102,$150,2010-08-07,White/Varsity Red-Black,$355 - $445
Jordan 1 Retro RTTG D.C.,539542-435,$130,2012-07-14,Obsidian/Metallic Gold-White,$104 - $156
Jordan 5 Retro Blue Suede (GS),440888-401,$190,9/30/17,Game Royal/Black,$113 - $138
Jordan 5 Retro Burgundy,314259-602,$145,2006-12-16,Deep Burgundy/Light Graphite-Silver,$383 - $517
Jordan 1 Retro Storm Blue,555088-127,$160,2016-12-23,Blue/White-Storm Blue,$151 - $187
"Jordan 1 Retro All Star 2017 ""Chameleon""",907958-015,$175,2017-02-19,Black/Black-Metallic Silver-White,$182 - $218
Jordan 12 OG Cherry (1997),130690-161,$135,1997-01-01,White/Varsity Red,$300 - $400
Jordan 16 Retro Solefly Art Basel,854256-119,$275,2016-12-03,White/Retro-Pink Flash,$204 - $368
Jordan 11 Retro Space Jam (2016),378037-003,$220,2016-12-10,Black/Dark Concord-White,$263 - $283
Jordan 1.5 Retro Sand Dune,768861-206,$150,2015-12-12,Sand Dune/Gorge Green-White-University Red,$87 - $113
Jordan 11 Retro Low Closing Ceremony,528895-103,$170,2016-08-27,White/Metallic Gold Coin-Black,$157 - $223
Jordan Countdown Pack 7/16,323941-992,$310,2008-06-21,Multi-Color/Multi-Color,$183 - $517
Jordan 11 Retro Low Concord (GS),528896-153,$120,2014-05-03,White/Black-Concord,$196 - $244
Jordan 7 Retro Marvin The Martian,304775-029,$190,2015-08-15,Black/University Red-Green Pulse-Cool Grey,$160 - $230
Jordan XX8 Stealth All-Star,555109-010,$250,2013-02-16,Black/White/Electric Green,$256 - $342
Jordan 1 Retro 30th Anniversary Laser,705289-100,$185,2015-02-08,Laser White/Reflective Silver,$106 - $154
Jordan Countdown Pack 4/19,332567-991,$310,2008-07-19,Multi-color/Multi-color,$548 - $852
Jordan XX8 SE OKC Camo,616345-450,$150,2013-11-23,Game Royal/White-Team Orange-University Blue,$150 - $216
Jordan 13 Retro OG Chicago 2017 (GS),414574-122,$140,2017-02-18,White/Black-Team Red,$127 - $173
Jordan 3 Retro Rio Teal (GS),441140-018,$140,2016-12-24,Black/Metallic Gold-Rio Teal-White,$50 - $80
Jordan 15 Retro Black Varsity Red,317111-061,Black/Varsity,Red,--,$185 - $315
Jordan 6 Retro Sport Blue (2014),384664-107,$170,2014-08-30,White/Sport Blue-Black,$164 - $226
Jordan 16 Retro Midnight Navy (2016),683075-106,$250,2016-12-22,White/Midnight Navy,$109 - $191
Jordan 23 Motorsports / Wizards,318376-011,$185,2008-11-28,Black/Varsity Royal-White,$338 - $462
Jordan Defining Moments Pack Last Shot (GS),897561-900,$350,2017-06-14,Multi-Color/Multi-Color,$167 - $303
Jordan 2 Retro Just Don Beach,834825-250,$650,2016-01-30,Beach/Metallic Gold-University Red,$446 - $764
Jordan Brazil World Cup Pack (AJ6 CP3 III),688447-920,$500,2014-06-21,Black/Brazil Yellow-Green Mint,$130 - $370
Jordan 8 Retro Bugs Bunny (2003),305381-101,$135,2003-03-01,Bugs Bunny White/Black-True Red,$114 - $196
Jordan 11 Retro Cool Grey (2001),136046-011,$125,2001-03-03,Medium Grey/White-Cool Grey,$273 - $377
Jordan 4 Retro Motorsports 2017 (GS),408452-117,$140,2017-03-26,White/Game Royal-Black,$80 - $98
Jordan 12 Retro Cool Grey,130690-012,$160,2012-05-19,Cool Grey/Team Orange-White,$161 - $289
Jordan 1 Retro High Heiress Camo (GS),832596-030,$140,2017-09-16,Black/Black-Metallic Field-Light Bone,-- - --
Jordan 5 Retro Pure Platinum,881432-003,$400,2017-04-22,Stealth/Stealth-Wolf Grey,$356 - $482
Jordan 12 Retro Wings,848692-033,$225,2016-04-02,Black/Metallic Gold/White,$387 - $633
Jordan Beginning Moments Pack 1/1,316132-991,$200,2007-04-21,Multi-Color/Multi-Color,$436 - $564
Jordan 1 Retro Low Swooshless White,872782-100,$150,2016-07-16,White/White-White,$73 - $157
Jordan 11 Retro Low Georgetown,528895-007,$170,2015-04-11,Grey Mist/White-Midnight Navy,$243 - $297
Jordan 12 Retro French Blue (2004),136001-141,$135,2004-01-10,French Blue-Metallic Silver-Varsity Red,$403 - $697
Jordan 21 Retro Bred CDP (2008),322717-061,$155,2008-04-26,Black/Varsity Red,$224 - $326
Jordan 1 Retro Pinnacle White,705075-130,$400,2015-05-27,White/Metallic Gold-White,$282 - $448
Jordan 15 Retro PSNY Olive Suede Friends and Family,TBD,Medium,Olive/Medium,Olive-Sail-Medium,Olive,2017-09-10,--,-- - --
Jordan 1 Retro Serena Williams Hyper Pink (GS),873863-609,$100,2017-01-30,Hyper Pink/White-Black,$70 - $110
Jordan 9 Retro Quai 54,302370-105,$150,2011-07-02,White/Varsity Maize-Black,$589 - $711
Jordan 7 Retro Hot Lava (GS),442960-106,$140,2015-07-11,White/Black-Hot Lava-Wolf Grey,$159 - $241
Jordan 6 Retro Infrared Black (2000),136038-061,$120,2000-08-23,Black/Deep Infra Red; Black / Varsity Red;  Bulls Away,$354 - $436
Jordan 21 OG Flint Grey,313511-001,$175,2006-04-08,Black/Flint Grey-White,$127 - $223
Jordan 17 OG White Varsity Red,302720-161,$200,2002-07-31,White/Varsity Red-Charcoal,$263 - $437
Jordan 18.5 OG Black Chrome Blue,306890-002,$175,2004-01-24,Black/Chrome - University Blue,$201 - $299
Jordan 6 Retro Black Cat,384664-020,$190,2016-12-30,Black/Black-White,$154 - $176
Jordan 13 Retro Golf White Navy Blue,917719-100,$175,2017-08-18,White/Black,$200 - $224
Jordan XXX1 Fine Print,845037-003,$185,2016-09-17,Black/White-Wolf Grey,$107 - $193
Jordan 3 Retro Cyber Monday 2016 (GS),398614-020,$190,2016-10-15,Black/Black-White,$70 - $102
Jordan 4 Retro Oreo 2015 (GS),408452-003,$140,2015-02-21,Black/Tech Grey-White,$30 - $100
Jordan 4 Retro Columbia (2015),314254-107,$190,2015-01-10,White/Legend Blue-Midnight Navy,$135 - $225
Jordan 1 Retro Max Orange,344613-061,$115,2009-01-31,Black/Max Orange-White,$146 - $232
Jordan 9 Retro Olive (2012),302370-020,$160,2012-11-17,Black/Light Olive-Varsity Red,$233 - $367
Jordan 8 Retro Doernbecher,729893-480,$190,2014-11-23,Hyper Blue-Electro Orange-Black,$588 - $842
Jordan 20 Retro 30th Anniversary Laser,743991-100,$250,2015-02-16,Laser White/Metallic Silver-White,$81 - $151
Jordan 6 Retro Infrared Black 2014 (GS),384665-023,$145,2014-11-28,Black/Infrared23-Black,$223 - $277
Jordan XX8 SE All-Star,656249-723,$150,2014-02-14,Violet Ice/Metallic Gold/Infrared 23,-- - $103
Jordan 8 Retro Playoffs (2013),305381-061,$160,2013-06-29,Black/True Red-White,$238 - $282
Jordan 1 Retro Top 3 (GS),575441-026,$120,2016-11-28,Black/Varsity Red-Varsity Royal,$219 - $261
Jordan XX9 Black White Gym Red,695515-023,$225,2014-09-06,Black/White-Gym Red,$45 - $181
Jordan Eclipse Solefly Arctic Orange,893513-805,$200,2016-08-13,Artic Orange/Metallic Red-Bronze,$51 - $139
Jordan 1 Retro Pinnacle Black,705075-030,$400,2015-02-14,Black/Metallic Gold-White,$256 - $504
Jordan 10 Retro Stealth (2012),310805-003,$160,2012-03-24,Black/White-Stealth,$122 - $228
Jordan 1 Retro Green Gucci,332550-025,$110,2012-12-01,Black/Gym Red-Gorge Green-White,$243 - $357
Jordan 1 Retro Metallic Red (2017),555088-103,$160,2017-05-06,White/Varsity Red,$90 - $114
Jordan 5 Retro Low Alternate 90,819171-001,$175,2016-01-30,Black/Gym Red-Metallic Hematite,$75 - $155
Jordan XX8 Crescent City Bamboo,649501-100,$250,2014-02-16,White/Gold Bamboo,$217 - $303
Jordan 7 Retro Cardinal (2011),304775-104,$150,2011-06-18,White/Bronze-Cardinal Red-Black,$249 - $351
Jordan 1 Retro Valentine's Day 2017 (GS),881426-009,$120,2017-02-11,Black/Hyper Pink-White,$64 - $114
Jordan XX9 Quai 54,805254-004,$240,2015-05-30,Black/White-Anthracite,$111 - $389
Jordan 12 Retro Playoffs (2004),136001-016,$135,2004-02-14,Black/Varsity Red-White-Metallic Silver,$329 - $431
Jordan 9 Retro Barons,302370-106,$170,2014-04-05,White/Black-Wolf Grey,$184 - $256
Jordan 4 Retro Alternate 89,308497-106,$190,2016-01-02,White/Black-Gym Red,$162 - $208
Jordan 1 Retro Doernbecher Mr. Boober,345204-041,$125,2008-11-14,Black/Vivid Blue-White-Varsity Maize,$669 - $971
"Jordan 7 Retro Championship Pack ""Cigar""",725093-630,$250,2015-06-20,Team Red/Metallic Gold-Sail-Gum Light Brown,$194 - $276
Jordan 1 Retro Pinnacle Vachetta Tan,705075-201,$400,2015-09-26,Vachetta Tan/Sail-White,$287 - $413
Jordan 1 Retro Mid Black (2016),554724-021,$110,2016-06-01,Black/Black-Dark Grey,$80 - $110
Jordan 10 Retro Blackout,310805-010,$125,2005-07-23,Black/White,$260 - $440
Jordan 19 OG West Coast,307546-002,$165,2004-07-10,Black/White-Metallic Silver,$194 - $306
Jordan 22 OG Basketball Leather,316238-002,$180,2007-02-17,Black/Black,$99 - $201
Jordan 4 Retro Doernbecher,308497-015,$175,2011-11-08,Black/Old Royal-Electric Green-White,"$923 - $1,275"
Jordan 2 Retro QF Candy Pack Yellow,395709-701,$135,2010-11-06,Del Sol/White-Black,$484 - $616
Jordan 13 Retro Grey Toe (2005),310004-161,$150,2005-01-22,White/Team Red-Flint Grey,$191 - $269
Jordan 13 Retro Low White Varsity Maize,310810-104,White/Met-Silver-Black-V-Maize,--,$165 - $235
Jordan 2 Retro Dark Concord,385475-153,$150,2014-05-10,White/Concord-Black,$164 - $236
Jordan 15 Retro Kubo (Unsigned),SU17MNJDLS000,$0,2016-08-08,Black/Black-Royal Blue-Varsity Red,$423 - $717
Jordan XXX1 USA,845037-107,$185,2016-08-13,White/University Red-Deep Royal Blue,$108 - $182
Jordan 5 Retro Grape (2013),136027-108,$160,2013-05-04,White/Emerald-New Grape-Ice Blue,$156 - $240
Jordan 4 Retro Black Cats,308497-002,$115,2006-05-20,Black/Black-Light Graphite,$309 - $471
Jordan 8 Retro Chrome (2015),305381-003,$190,2015-12-19,Black/White-Light Graphite,$152 - $232
Jordan Countdown Pack 2/21,323943-993,$310,2008-04-26,Multi-Color/Multi-Color,$221 - $419
Jordan 13 Retro Cherry (2010),414571-101,$160,2010-01-01,White/Black-Varsity Red,$191 - $359
Jordan 2 Retro Wing It (GS),834283-103,$140,2016-03-05,White/Black-Cool Grey,$63 - $97
Jordan 4 Retro 11Lab4 Red,719864-600,$250,2015-07-11,University Red/White,$222 - $376
Jordan 1 Retro Low Swooshless Pink,848775-805,$150,2016-05-21,Pink/Pink-Sail,$212 - $288
Jordan 1 Retro AJKO Black Toe,402297-110,White/Black-Varstiy,Red,--,$201 - $283
Jordan 5 Retro Fierce Purple (GS),440892-017,$140,2016-09-17,Black/Ember Glow-Fierce Purple,-- - $116
Jordan 11 Retro Low IE Cobalt (2015),306008-102,$170,2015-08-01,White/Cobalt-Zen Grey-Cement Grey,$111 - $189
Jordan 5 Retro Bel-Air,621958-090,$185,2013-10-05,Cool Grey/Club Pink-Court Purple-Game Royal,$270 - $400
Jordan 1 Retro Mid White Gym Red Black,554724-103,$110,2016-05-01,White/Gym Red-Black,$98 - $103
Jordan 1.5 Retro Reverse Fragment,768861-106,$150,2015-10-17,White/Black-Soar,$69 - $111
Jordan 10 Retro Verde (GS),705180-118,$140,2015-03-28,White/Verde-Black-Infrared 23,$110 - $150
Jordan 7 Retro Hare CDP (2008),304775-102,$155,2008-06-21,White/Light Graphite-True Red,$123 - $247
Jordan XX9 Pantone,717796-108,$250,2014-12-23,White/Silver-Pantone,$66 - $134
Jordan 1 Retro High OG Quai54 (GS),AH1041-054,$120,2017-07-08,Black/Italy Blue-University Red,$60 - $136
Jordan 4 Retro Thunder (2012),308497-008,$160,2012-12-22,Black/Tour Yellow,$234 - $266
Jordan 1 Retro Fragment,716371-040,$185,2014-12-27,Black/Sport Blue-White,"$1,572 - $1,820"
Jordan 4 Retro Sand 2017 (GS),487724-118,$140,2017-06-10,White/Boarder Blue-Light Sand,$78 - $142
Jordan 6 Retro Doernbecher,392789-401,$165,2009-11-14,Midnight Navy/White-Varsity-Red-Metallic Gold,"$721 - $1,479"
Jordan 20 OG East Coast Chutney,310455-711,$175,2005-07-01,Chutney/White-Black,$251 - $385
Jordan 2 Retro QF Univ. Blue Black (2010),395709-401,$135,2010-07-31,University Blue/Black-White,$208 - $292
Jordan 12 Retro Low Black Patent,308317-001,$115,2011-05-28,Black/Varsity Red,$258 - $342
Jordan 7 Retro French Blue 2015 (GS),304774-107,$140,2015-01-24,White/French Blue/Flint Grey,$110 - $150
Jordan 1 Retro Nouveau Navy Snake,819176-407,$150,2016-05-01,Midnight Navy/Light Bone-White,$85 - $141
Jordan 1 Retro Yin Yang White,555088-102,$160,2016-08-06,White/Black-White,$58 - $102
Jordan 2 Retro Just Don Arctic Orange (TD),923838-805,$150,2017-05-13,Arctic Orange/Arctic Orange-University Red,$227 - $273
Jordan 7 Retro Hare YOTR (2011),459873-005,$160,2011-05-07,Light Silver/Metallic Gold-True Red-White,$188 - $322
Jordan 11 Retro Low Heiress Pure Platinum (GS),897331-100,$175,2017-05-20,White/White-Pure Platinum,$107 - $173
Jordan 1 Retro Mid Armory Navy,554724-421,$110,2017-02-01,Armory Navy/Electrolime-White,$84 - $112
Jordan 6 Retro Pinnacle Metallic Gold,854271-730,$250,2016-10-22,Metallic Gold/White,$255 - $415
Jordan 12 Retro French Blue (2016),130690-113,$190,2016-04-02,White/French Blue-Metallic Silver-Varsity Red,$213 - $247
Jordan 17 OG Wizards Home,302720-141,$200,2002-02-09,White/College Blue-Black,$304 - $486
Jordan 2 Retro Just Don Beach (GS),839604-250,$350,2016-01-30,Beach/Metallic Gold-University Red,$210 - $366
Jordan XXX1 Cyber Monday Black Cat (2016),854270-001,$200,2016-11-28,Black/Black-Sail,$159 - $271
Jordan 1 Retro Russell Westbrook PE,332550-312,$130,2015-02-09,Dark Teal/Black-Infrared 23-White,$159 - $223
Jordan 9 Retro Cool Grey (2002),302370-011,$125,2002-10-25,Medium Grey/White/Cool Grey,$256 - $394
Jordan Raging Bull Pack (5/5),360968-991,$310,2009-05-30,Multi-Color/Multi-Color,"$1,056 - $1,444"
Jordan 10 Retro Paris,310805-018,$190,2016-04-09,Black/Fierce Purple-Black,$98 - $202
Jordan XXX1 Low UNC,897564-407,$160,2017-03-07,University Blue/White-College Navy,$109 - $191
Jordan 10 Retro Lady of Liberty,705178-045,$190,2015-02-15,Dust/Metallic Gold-Black-Retro,$164 - $236
Jordan 1 Retro Grove Green,332550-300,$150,2016-12-01,Grove Green/Black-White,$62 - $138
Jordan 1 Retro Rare Air Max Orange,332550-800,$140,2017-01-07,Max Orange/White-Black,$83 - $107
Jordan 1 Retro Bred (2001),136066-061,Black/Varsity,Red-White,2001-08-25,--,"$777 - $1,083"
Jordan 6 Retro Cigar,384664-250,$250,2014-06-14,Raw Umber/Team Red-Metallic Gold-Challenge Red,$237 - $403
Jordan 14 Retro Candy Cane (2006),311832-101,$150,2006-01-14,White/Black-Varsity Red,$187 - $313
Jordan 2010 Black Varsity Red,387358-061,$170,2010-02-11,Black/Varsity Red-White,$93 - $187
Jordan 8 Retro Three Peat,305381-142,$190,2015-10-24,White/Infrared 23-Black-Bright Concord,$110 - $150
Jordan 11 Retro Low Georgetown (GS),528896-007,$120,2015-04-11,Grey Mist/White-Midnight Navy,$134 - $194
Jordan 3 Retro Black Cement (2001),136064-001,$100,2001-07-14,Black/Cement Grey-White-Varsity Red,$420 - $552
Jordan 1 Retro Chicago (2015),555088-101,$160,2015-05-30,White/Varsity Red-Black,$391 - $529
Jordan Spiz'ike Stealth / Black Patent,315371-001,$175,2010-06-05,Black/Varsity Red/Stealth,$50 - $150
Jordan 6 Retro Maroon (2015),384664-116,$220,2015-12-05,Off White/New Maroon,$160 - $230
Jordan 5 Retro Oreo,136027-035,$170,2013-11-29,Black/Cool Grey-White,$197 - $243
Jordan 5 Retro Black Grape (2013),136027-007,$160,2013-06-15,Black/New Emerald-Grape Ice,$165 - $295
Jordan 5 Retro Grape 2013 (GS),440888-108,$115,2013-05-04,White/Emerald-New-Grape-Ice-Blue,$130 - $188
Jordan MTM Pack,802398-900,$700,2015-06-27,Multi-Color/Multi-Color,$476 - $762
Jordan Future Wolf Grey,656503-004,Wolf,Grey/Wolf,Grey-White,--,$88 - $134
Jordan 1 Retro AJKO Chicago,638471-101,$140,2014-03-15,White/Gym Red-Black,$72 - $128
"Jordan 8 Retro Take Flight ""Undefeated""",305381-305,$190,2017-01-28,Sequoia/Black-Wolf Grey-Max Orange,$237 - $313
Jordan 1 Retro High Maya Moore Wolf Grey (GS),332148-012,$95,2017-09-16,Wolf Grey/Chrome-Fuchsia Flash-White,-- - --
Jordan 1 Retro AJKO UNC,638471-107,White/University,Blue-White,--,$208 - $292
Jordan 9 Retro Powder,302370-103,$150,2010-05-29,White/University Blue,$293 - $407
Jordan 19 Retro Bred CDP (2008),332549-001,$310,2008-07-19,Black/Chrome-Varsity Red,$134 - $236
Jordan 14 Retro Candy Cane (2012),487471-101,$160,2012-03-10,White/Black-Varsity Red,$111 - $231
Jordan 1 Retro NYC,715060-002,$140,2014-11-29,Black/Gym Red-Wolf Grey,$33 - $111
Jordan 5 Retro Take Flight,881432-305,$400,2017-02-11,Sequoia/Metallic Gold-Vachetta Tan-Sequoia,$113 - $437
Jordan 3 Retro Silver Anniversary,398613-102,$125,2010-03-27,White/Metallic Silver,$96 - $318
Jordan 6 Retro Golf Cleat Infrared,800657-123,White/Black-Infrared,23,--,$326 - $374
Jordan 7 Retro Golden Moments Pack,304775-030,$175,2012-08-18,Black/Metallic Gold-White,$153 - $267
Jordan 6 Retro Golden Moments (GMP),384664-135,$175,2012-08-18,White/Metallic Gold-Varsity Red,$138 - $242
Jordan 13 Retro Premio Bin 23,417212-601,$175,2010-08-21,White/Burgundy-Desert Clay,"$856 - $1,544"
Jordan 4 Retro Black Laser,312255-061,$175,2005-08-20,Black/Varsity Red-Medium Grey Laser,$808 - $942
Jordan 2 Retro White Varsity Red (2004),308308-161,White/Varsity,Red-Black,--,$234 - $266
Jordan 12 Retro Low Playoffs,308317-004,$170,2017-02-25,Black/Varsity Red-White-Metallic Silver,$165 - $231
Jordan 5 Retro Black Metallic (2000),136027-001,$120,2000-03-15,Black/Black-Metallic Silver,$173 - $327
Jordan Infrared Pack 6/6,398850-901,$310,2010-06-19,Multi-Color/Multi-Color,$238 - $562
Jordan 23 Trophy Room Black,853336-023,$275,2016-05-23,Black/Black-Metallic Gold-Dark Grey,$213 - $277
Jordan 5 Retro Bronze,136027-416,$190,2016-09-24,Obsidian/White-Metallic Red Bronze-Bright Grape,$186 - $214
Jordan 4 Retro Dunk From Above,308497-425,$190,2016-03-19,Midnight Navy/Metallic Gold-Gold Leaf-White,$112 - $168
Jordan XXX1 Black Cat,845037-010,$185,2017-03-10,Black/Black-Anthracite,$108 - $123
Jordan Spiz'ike True Blue (2007),315371-163,$175,2007-04-28,White/Varsity Red-True Blue,$115 - $171
Jordan 18 OG White Red,305869-161,$175,2003-08-09,White/Varsity Red,$362 - $638
Jordan 23 Black Stealth,318376-001,$185,2008-02-23,Black/Varsity Red-Stealth,$149 - $241
Jordan 13 Retro Low Cherry (2005),310810-105,$130,2005-04-23,White/Metallic Silver-Varsity Red-Black,$187 - $313
Jordan 7 Retro Nothing But Net (GS),304774-142,$140,2015-11-14,White/University Red-Black-Bright Concord,$112 - $128
Jordan 1 Retro Suns,554724-117,$105,2013-07-20,White/Bright Citrus-Court Purple-Black,$67 - $133
Jordan 1 OG Celtics,555088-315,$140,2013-04-06,Clover/Metallic Gold/White/Black,$147 - $203
Jordan 5 Retro White Cement,136027-104,$190,2017-08-05,White/University Red-Black-Matte Silver,$140 - $150
Jordan 1 Retro KO Georgetown,638471-006,Cool,Grey/Midnight,Navy-White,--,$181 - $219
Jordan 5 Retro Wolf Grey,136027-005,$150,2011-05-14,Light Graphite/White-Wolf Grey,$239 - $361
Jordan XXX1 Low Camo,897564-051,$160,2017-08-18,River Rock/White-Dark Stucco-University Red,$125 - $135
Jordan XX9 Riverwalk,695515-625,$225,2014-10-25,Fusion Pink/Tropical Teal-Black-White,$71 - $189
Jordan 5 Retro Quai 54 White,467827-105,$150,2011-07-02,White/Black-Metallic Silver-Radiant Green,$590 - $810
Jordan 3 Retro Black Cat,136064-002,$125,2007-06-16,Black/Dark Charcoal-Black,$316 - $484
Jordan 20 OG Stealth,310455-001,$175,2005-04-09,Black/Stealth-Varsity Red,$111 - $209
Jordan 6 Retro Oreo,384664-101,$150,2010-03-20,White/Black-Speckle,$198 - $352
Jordan 13 Retro Neutral Grey,310004-103,$150,2005-01-22,White/Neutral Grey/University Blue,$217 - $333
Jordan 11 Retro Low Reverse Concord,528895-110,$140,2013-06-08,White/Black-True Red,$197 - $323
Jordan 12 Retro Heiress Plum Fog (GS),845028-025,$160,2016-09-10,Light Bone/Metallic Gold Star-Plum Fog,$145 - $215
Jordan 5 Retro Black Metallic (2007),136027-004,$135,2007-01-20,Black/Metallic Silver-Red,$87 - $243
Jordan 4 Retro Green Glow,308497-033,$160,2013-08-17,Dark Grey/Green Glow-Cement Grey-Black,$219 - $283
Jordan 11 Retro Low IE Referee (2015),306008-003,$170,2015-09-26,Black/True Red,$168 - $232
Jordan 9 Retro Charcoal,302370-005,$150,2010-09-04,Black/Dark Charcoal-True Red,$309 - $441
Jordan 19 OG East Coast,307546-161,$165,2004-07-10,White/Midnight Navy-Varsity Red,$203 - $297
Jordan 1 Retro Election Day,332550-401,$110,2012-11-10,Obsidian/Sail-Gym Red,$298 - $460
Jordan 22 OG White Varisty Red,315299-161,$175,2007-02-17,White/Varsity Red-Black,$168 - $232
Jordan 11 Retro Low Green Snakeskin,528895-033,$150,2014-04-19,Black/Nightshade-White-Volt,$247 - $353
Jordan 11 Retro Concord DMP (2006),136046-171,$148,2006-01-28,White/Gold-Black,$394 - $582
Jordan 3 Retro 5Lab3 Silver,631603-003,$225,2014-03-31,Reflect Silver/Reflect Silver-Black-White,$103 - $177
Jordan 6 Retro Infrared 23 (Toro),384664-623,$170,2014-02-15,Infrared 23/Black-Infrared 23,$249 - $373
Jordan 13 Retro Flint (2005),310004-441,$150,2005-04-19,French Blue/University Blue-Flint Grey,$263 - $387
Jordan 2 Retro Decon Bordeaux,897521-606,$160,2017-05-24,Bordeaux/Bordeaux,$118 - $172
Jordan 8 Retro Phoenix Suns,305381-043,$160,2013-05-18,Black/Bright Citrus-Cool Grey-Deep Royal Blue,$149 - $201
Jordan 4 Retro Royalty,308497-032,$190,2017-02-04,Black/Metallic Gold-White,$157 - $223
Jordan 7 Retro Pantone 2017 (GS),304774-400,$140,2017-04-29,University Blue/White-Black,$74 - $126
Jordan Son of Mars Bordeaux,512245-038,$160,2012-09-15,Dark Grey/University Gold-Bordeaux,$120 - $147
Jordan Spizike White Cement (2017),315371-122,$175,2017-06-24,White/Varsity Red-Cement Grey-Black-Dark Grey,$108 - $152
Jordan 3 Retro True Blue (2011),136064-104,$150,2011-06-19,White/Cement Grey-True Blue,$65 - $237
Jordan 12 Retro Taxi (2013),130690-125,$170,2013-12-14,White/Black-Taxi,$342 - $448
Jordan 7 Retro Miro,323213-161,$175,2008-07-03,White/Sport Red-Black-Metallic Gold,"$1,382 - $2,118"
Jordan 16 OG Cherrywood,136080-020,$160,2001-06-02,Whisper/Cherrywood-Light Graphite,$198 - $302
Jordan Defining Moments Pack One 60 Pts,371381-991,$225,2009-07-11,Multi-Color/Multi-Color,$608 - $792
Jordan 1 Retro Mid Black,554724-030,Black/Black/Black,--,$82 - $118
Jordan 7 Retro Fuchsia Glow (GS),442960-127,$140,2015-10-17,White/Fuchsia Glow-Black-Mulberry,$95 - $116
Jordan 7 Retro Lola Bunny (GS),705417-029,$140,2015-04-18,Black/Bright Citrus-Court Purple-Light Retro,$106 - $174
Jordan 11 Retro Columbia (2001),136046-142,$125,2001-01-17,White/Columbia Blue-Black,$52 - $278
Jordan 4 Retro Black Cement (2012),308497-089,$160,2012-11-01,Black/Fire Red-Cement Grey,$298 - $384
Jordan 7 Retro Pantone,304775-400,$190,2017-04-29,University Blue/White-Black,$89 - $131
Jordan 12 Retro Low Taxi (2011),308317-104,$115,2011-04-09,White/Black-Taxi,$191 - $309
Jordan 9 Retro Motorboat Jones,302370-645,$160,2012-12-01,Challenge Red/White-Black,$612 - $788
Jordan Son of Mars Club Purple,512245-106,$160,2012-04-07,White/Black-Club Purple-Cool Grey,$106 - $144
Jordan 4 Retro Cool Grey,308497-001,$100,2004-09-25,Cool Grey/Chrome-Dark Charcoal-Varsity Maize,$272 - $466
Jordan 3 Retro Fear Pack,626967-040,$175,2013-08-24,Night Stadium/Total Orange-Black,$271 - $389
Jordan 1 Retro Chris Paul PE,332550-402,$130,2014-12-20,Midnight Navy/University Blue-White,$48 - $102
Jordan 11 Retro Low IE Militia Green (2015),306008-013,$170,2015-09-19,Black/Militia Green-Gum Yellow-Infrared 23,$95 - $141
Jordan 1 Retro Gym Red,555088-601,$140,2014-06-28,Gym Red/Sail,$334 - $646
Jordan 2 Retro Alternate 87,834274-001,$190,2016-02-06,Black/Gym Red-Black,$75 - $151
Jordan 9 Retro Photo Blue,302370-007,$160,2012-11-03,Black/Photo Blue-White,$184 - $266
Jordan 13 Retro What Is Love Pack,888164-601,Gym,Red/Black,2016-11-11,--,$259 - $297
Jordan 8 Retro Playoffs (2007),305381-061,$150,2007-12-22,Black/Varsity Red-White,$229 - $291
Jordan 8 Retro Chrome 2015 (GS),305368-003,$140,2015-12-19,Black/White-Light Graphite,$99 - $129
Jordan 1 Retro Dover Street Market,789747-401,$185,2015-04-16,Obsidian/White-Summit White,$199 - $241
Jordan 2011 Black Dark Charcoal,436771-001,Black/Dark,Charcoal,--,-- - $108
Jordan XXX1 Jordan Brand Classic East,AA2564-070,$185,2017-04-14,Black/Dark Grey-White-Metallic Gold,$127 - $273
Jordan XXX1 Low Michigan,897564-425,$160,2017-03-07,College Navy/Amarillo,$118 - $182
Jordan Year Of The Snake Pack,597829-901,Multi-Color/Multi-Color,--,$199 - $301
Jordan 1 Retro BHM 2015,579591-010,$130,2015-01-17,Black/White,$155 - $245
Jordan 9 Retro Premio Bin 23,410917-101,$175,2010-06-05,White/Metallic Gold,"$1,053 - $1,587"
Jordan 1 Retro High Strap A Tribe Called Quest,342132-062,$110,2009-02-01,Black/Varisty Red-Classic Green,$241 - $359
Jordan XXX1 N7,854272-003,$185,2016-11-07,Black/Black-Dark Turquoise White,$88 - $113
Jordan 12 Retro French Blue 2016 (GS),153265-113,$140,2016-04-02,White/French Blue-Metallic Silver-Varsity Red,$86 - $152
Jordan 11 Retro 72-10,378037-002,$220,2015-12-12,Black/Gym Red-White-Anthracite,$259 - $287
Jordan 10 Retro Powder (2014),310805-106,$170,2014-02-22,White/Dark Powder Blue-Black,$71 - $171
Jordan 7 Retro J2K Filbert,543560-225,$175,2012-08-04,Filbert/Natural-Obsidian-White,$567 - $963
Jordan 21 OG Red Suede,313495-602,$180,2006-02-18,Varsity Red/Metallic Silver-Black,$228 - $454
Jordan Future Dark Army Camo,652141-301,$185,2014-05-17,Dark Army/Black-Sail,-- - $91
Jordan 12 Retro Flu Game (2009),130690-065,$150,2009-11-27,Black/Varsity Red,$329 - $571
Jordan 5 Retro P51 Camo (GS),440888-051,$140,2017-09-02,Dark Stucco/University Red-River Rock,$81 - $117
Jordan 11 Retro Legend Blue 2014 (GS),378038-117,$150,2014-12-20,White/Black-Legend Blue,$137 - $165
Jordan 3 Retro Doernbecher (2010),437536-600,$160,2010-12-04,Varsity Red/Metallic Silver-Black,$529 - $691
Jordan 11 OG Low Navy Snakeskin 2001,136071-102,$120,2011-05-01,White/Black-Navy,$486 - $714
Jordan 6 Retro Infrared White 2014 (GS),384665-123,$120,2014-02-15,White/Infrared,$171 - $249
Jordan 5 Retro P51 Camo,136027-051,$190,2017-09-02,Dark Stucco/University Red-River Rock,$123 - $157
Jordan Spiz'ike Kings County,315371-071,$175,2007-08-18,Black/Taxi-Varsity Red-White,$72 - $168
Jordan 4 Retro 30th Anniversary Laser,705333-105,$250,2015-02-13,Laser White/Chrome-Metallic Silver,$137 - $219
Jordan 18 OG White Sport Royal,305869-101,$175,2003-04-05,White/Black-Sport Royal,$321 - $479
Jordan 1 Retro High Grey Suede,332550-031,$140,2017-06-01,Wolf Grey/Wolf Grey,$123 - $178
Jordan 14 Retro Wolf Grey,487471-004,$170,2014-08-02,Wolf Grey/White-Sport Blue,$190 - $260
Jordan XXX1 Chinese New Year,885429-103,$185,2017-01-28,White/Wolf Grey-Blac,$157 - $189
Jordan 1 Retro Leroy Smith,386186-071,$135,2009-10-31,Black/Metallic Gold/Varsity Purple/Sport Red,$135 - $215
Jordan 13 Retro Doernbecher,836405-305,$225,2015-11-21,Multi-Color/Black,$304 - $368
Jordan Spiz'ike Cool Grey,315371-091,$175,2008-05-09,Stealth/Black-Light Graphite-White,$185 - $299
Jordan 7 Retro Olympic (2012),304775-135,$160,2012-07-21,White/Metallic Gold-Obsidian-True Rd,$204 - $336
Jordan 7 Retro N7,744804-144,$190,2015-06-03,White/Ice Cube Blue-Dark Turquoise-Black,$222 - $328
Jordan 13 Retro Low Brave Blue,310810-407,$175,2017-04-08,Brave Blue/Metallic Silver-Black,$86 - $128
Jordan 3 Retro True Blue (2001),136064-141,$100,2001-11-17,White/Cement Grey-True Blue,$154 - $326
Jordan Spiz'ike Bordeaux,315371-070,$175,2012-02-04,Neutral Grey/Varsity Maize-Dark Charcoal-Sapphire Blue-Varsity Red-Black,$51 - $169
Jordan 1 Retro Low Pinnacle Metallic Silver,852549-003,$160,2016-10-22,Metallic Silver/White,$29 - $101
Jordan 4 Retro 11Lab4 Black,719864-010,$250,2015-04-25,Black/White,$183 - $267
Jordan 5 Retro Fire Red Black Tongue (2013),136027-120,$160,2013-08-31,White/Fire Red-Black,$152 - $238
Jordan 4 Retro Silver Anniversary,408202-101,$150,2010-03-27,White/Metallic-Silver,$50 - $270
Jordan 5 Retro Pre-Grape,136027-405,$190,2015-05-02,Midnight Navy/Turquoise Blue-White,$128 - $200
Jordan 1 Retro Silver Anniversary,396009-001,$140,2010-02-13,Neutral Grey/Metallic Silver-White,$85 - $195
Jordan 20 OG White Laser,310455-161,$175,2005-02-19,White/Varsity Red-Black,$294 - $356
Jordan Hydro Slide Retro 12 OVO,873907-102,$65,2016-10-01,Summit White/Metallic Gold-White,$105 - $141
Jordan 1 Retro Mid Derek Jeter RE2PECT,AH6342-402,$110,2017-07-26,Obsidian/White-Gum Light Brown,$69 - $101
Jordan 12 Retro Rising Sun,130690-163,$150,2009-11-21,White/Varsity Red-Black,$216 - $434
Jordan 12 Retro PSNY Bordeaux,AA1233-600,$300,6/28/17,Bordeaux/Bordeaux,$502 - $632
Jordan 1 Retro Knicks,555088-407,$140,2013-01-05,Game Royal/Team Orange,$218 - $332
Jordan 1 Retro 97 TXT Gym Red,555071-601,$130,2012-12-31,Gym Red/Black-Gym Red,$153 - $197
Jordan 11 Retro Space Jam (2009),378037-041,$175,2009-12-23,Black/Varsity Royal-White,$298 - $440
Jordan Spiz'ike White Cement Grey,315371-101,$175,2007-11-23,White/Cement Grey-Varsity Red-Black,$102 - $168
Jordan 1 Retro White Perforated,555088-100,$160,2017-02-04,White/Black-White,$93 - $133
Jordan 1 Retro Royal (2017),555088-007,$160,2017-04-01,Black/Varsity Royal-White,$187 - $243
Jordan XX9 Infrared 23,695515-623,$225,2014-11-28,Infrared 23/White-Black,$107 - $193
Jordan 6 Retro Pinnacle Promo Jacket,AH4614-303,$225,2017-09-01,Palm Green/Palm Green-Black,$425 - $675
Jordan 10 Retro Linen,310805-142,$125,2005-07-23,White/Linen/University Blue,$324 - $476
Jordan 12 Retro Gym Red (GS),153265-600,$140,2016-07-02,Gym Red/Black-White,$113 - $161
Jordan 4 Retro White Cement (2012),308497-103,$160,2012-02-18,White/Black-Tech Grey,$337 - $493
Jordan 2 Retro Decon Mint Foam,897521-303,$160,2017-05-24,Mint Foam/Mint Foam,$127 - $223
Jordan 1 Retro 4Lab1 Tropical Teal,677690-020,$185,2014-12-01,Black/Tropical Teal,$27 - $131
Jordan Flight Flex Trainer Jeter RE2PECT,715855-402,$120,2014-09-20,Midnight Navy/Metallic Gold-Sail-Night Silver,$35 - $175
Jordan 4 Retro Fire Red Mars Blackmon,308497-162,$115,2006-07-22,White/Varsity Red-Black,$168 - $252
Jordan 1 Retro RTTG Vegas,539542-035,$130,2012-07-07,Black/Metallic Gold-Gym Red-White,$162 - $238
Jordan 1 Retro Black White (2014),555088-010,$140,2014-11-08,Black/White-Black,$230 - $358
Jordan 2 Retro Silver Anniversary,385475-101,$135,2010-02-27,White/Metallic Silver-Natural Grey,$209 - $291
Jordan Countdown Pack 11/12,338149-991,$310,2008-12-20,Multi-Color/Multi-Color,$595 - $889
Jordan 1 Retro Black Perforated,555088-002,$160,2017-02-04,Black/White-Black,$100 - $126
Jordan 5 Retro Low Fire Red,819171-101,$175,2016-03-12,White/Fire Red-Black,$147 - $183
Jordan 8 Retro Aqua (2007),305381-041,$140,2007-09-22,Black/Bright Concord-Aqua Tone,$213 - $337
Jordan 13 Retro Low Cuse,310810-106,$130,2005-08-20,White/Metallic Silver-Obsidian-Orange Flash,$276 - $424
Jordan 12 Retro OVO Black,873864-032,$225,2017-02-18,Black/Metallic Gold-Black,$363 - $487
Jordan 1 Retro Olmypic (2008),136085-161,White/Varsity,Red,Midnight,Navy/Metallic,--,$202 - $298
Jordan 8 Retro Doernbecher (GS),729894-480,Hyper,Blue/Electro,Orange-Black,--,$336 - $504
Jordan 17 Retro Copper (2016),832816-122,$250,2016-04-09,Copper-Black-White,$139 - $171
Jordan 10 Retro Bulls Over Broadway,705178-601,$190,2015-02-14,Gym Red/Black-Wolf Grey,$115 - $215
Jordan 1 Retro Silver Medal,332550-602,$140,2016-08-01,Gym Red/Metallic Silver-White,$36 - $84
Jordan 8 Retro Champagne (GS),833378-030,$180,2016-06-25,Light Bone/Metallic Gold-White,$168 - $272
Jordan 1 Retro Black Patent,332550-017,$150,2016-12-01,Black/Black-Anthracite-White,$85 - $133
Jordan 12 Retro Flint Grey,136001-102,$135,2003-12-13,White/Flint Grey-Metallic Silver,$349 - $551
Jordan 23 All-Star,318376-101,$185,2008-02-16,White/Black-Varsity Red,$154 - $246
Jordan XX9 Low UNC,828051-401,$185,2016-01-04,University Blue/Black-White,$103 - $138
Jordan 12 Retro CDP Taxi (2008),130690-109,$155,2008-12-20,White/Black-Taxi,$377 - $423
Jordan Future Black White,656503-010,$150,2014-06-21,Black/Black/White,$143 - $257
Jordan 1 Retro J2K Black Varsity Red,401620-002,Black/Varsity,Red-White,--,$194 - $356
"Jordan 1 Retro Bred ""Banned"" (2016)",555088-001,$160,2016-09-03,Black/Varsity Red-White,$355 - $415
Jordan 17 Retro Chicago Bulls,832816-001,$250,2016-05-29,Black/Gym Red-White,$121 - $179
Jordan 7 Retro Hare (2015),304775-125,$190,2015-05-16,White/True Red-Light Silver-Tourmaline,$138 - $232
Jordan 11 Retro Low Cherry (2016),528895-102,$170,2016-06-04,White/Varsity Red-Black,$194 - $244
Jordan 1 Retro Barons,555088-104,$140,2014-04-05,White/Black-Neutral Grey,$217 - $333
Jordan 1 Retro Human Highlight,555088-017,$140,2013-09-07,Black/Yellow/Red,$152 - $180
Jordan 19 OG SE Olympic,308492-171,$165,2004-09-04,White/Metallic Gold-Midnight Navy,$78 - $234
Jordan 5 Retro Independence Day,136027-103,$150,2011-07-02,White/Varsity Red-Obsidian,$160 - $260
Jordan 1 Retro Bronze Medal,332550-016,$140,2016-08-01,Black/Metallic Red Bronze-Dark Grey-White-Infrared 23,$56 - $84
Jordan Future QS Glow,652141-003,$185,2014-03-15,Black/Black-Glow,$208 - $392
Jordan 9 Retro OG 2016 (GS),302359-112,$140,2016-12-03,White/Black-True Red,$51 - $99
Jordan 1 Retro All Star (2016),850703-011,$140,2016-02-14,Black/Metallic Silver-Sail,$74 - $166
Jordan 11 Retro Low Aqua Safari (GS),580521-143,$115,2014-05-05,White/Turbo Green-Volt Ice-Black,$141 - $159
Jordan 5 Retro Black/University Blue,314259-041,$145,2006-08-19,Black/University Blue-Silver,$305 - $395
Jordan 9 Retro Pinnacle Baseball Black,897560-003/AH6233-903,$250,2017-07-15,Black/Metallic Gold-White,$204 - $266
Jordan 2 Retro Just Don Arctic Orange (PS),923839-805,$200,2017-05-13,Arctic Orange/Arctic Orange-University Red,$81 - $223
Jordan 6 Retro Black Cat (GS),384665-020,$140,2016-12-30,Black/Black-White,$53 - $107
Jordan 1 Retro Mid Black White,554724-038,$110,2017-07-15,Black/White-White,$110 - $140
Jordan 5 Retro Sunblush (GS),440892-115,$140,2017-09-02,White/White-Sunblush-Black,$52 - $131
Jordan 13 Retro Doernbecher (GS),836788-305,$180,2015-11-21,Multi-Color/Black,$132 - $168
Jordan 23 Solefly Florida Marlins,887230-332,$275,2016-10-22,Hyper Turquoise/Hyper Turquoise,$166 - $314
Jordan 3 Retro Pure Money,136064-103,$125,2007-05-12,White/Metallic Silver,$191 - $359
Jordan 4 Retro Snakeskin,819139-030,$400,2016-05-21,Light Bone/White-Pure Platinum-Wolf Grey,$339 - $561
Jordan 6 Retro Alternate Hare,384664-113,$190,2017-03-11,White/Gym Red-Pure Platinum,$119 - $199
Jordan 19 OG SE East Coast,308492-101,$165,2004-11-13,White/Flint Grey-Deep Red,$248 - $303
Jordan Defining Moments Pack (7/7),371496-991,$310,2009-08-22,Multi-Color/Multi-Color,$477 - $723
Jordan 14 Retro White Dark Cinder,311832-121,$150,2005-10-28,White/Dark Cinder-Chutney,$290 - $460
Jordan 4 Retro Fire Red (2012),308497-110,$160,2012-08-04,White/Varsity Red-Black,$143 - $287
Jordan 3 Retro White Cement (2003),136064-102,$100,2003-04-19,White/Cement Grey-Fire Red,$226 - $324
Jordan 4 Retro Military Blue (2006),308497-141,$115,2006-09-09,White/Military Blue-Neutral Grey,$114 - $196
Jordan 12 Retro Barons (GS),510815-108,$140,2016-08-13,White/Black-Wolf Grey,$137 - $179
Jordan 11 Retro Playoffs (2001),136046-061,$125,2001-12-22,Black/True Red-White,$224 - $376
Jordan 4 Retro White Cement 2016 (GS),836016-192,$160,2016-02-13,White/Fire Red-Black-Tech Grey,$157 - $191
Jordan 1 Retro Top 3,555088-026,$160,2016-11-28,Black/Varsity Red-Varsity Royal,$296 - $366
Jordan 1 Retro High OG Sail,555088-114,$160,2017-06-20,Sail/University Red,$124 - $146
Jordan 2 Retro Radio Raheem,834274-014,$190,2016-01-09,Black/Fire Pink-Photo Blue-Atomic Orange,$61 - $111
Jordan 15 Retro Laser,317274-071,$160,2007-12-22,Black/Metallic Gold-White Laser,$220 - $380
Jordan 1 Retro Reverse Shattered Backboard,555088-113,$160,2016-10-08,Sail/Starfish-Black,$297 - $393
Jordan 4 Retro White Laser,308497-161,$200,2005-05-14,White/Varsity Red-Black Laser,$528 - $720
Jordan 2 Retro Just Don Blue,717170-405,$350,2015-01-31,Varsity Royal/Metallic Gold-University Red,$703 - $857
Jordan 2 Retro Just Don Arctic Orange (GS),923840-805,$350,2017-05-13,Arctic Orange/Arctic Orange-University Red,$244 - $352
Jordan 5 Retro UNDFTD,314259-381,$145,2006-11-18,Olive/Oiled Suede-Flight Satin,$414 - $536
Jordan 1 Retro Low Chicago (2016),705329-600,$130,2016-02-14,Varsity Red/Black-White,$101 - $149
Jordan 10 Retro Charlotte (2016),310805-107,$190,2016-06-18,White/Concord-Blue Lagoon-Black,$109 - $151
Jordan XXX1 Jordan Brand Classic West,AA2564-071,$185,2017-04-14,Cool Grey/White-Metallic Gold,$208 - $282
Jordan 13 Retro Low Brave Blue (GS),310811-407,$120,2017-04-08,Brave Blue/Metallic Silver-Black,$100 - $158
Jordan 13 Retro Ray Allen PE,414571-125,$175,2011-07-23,White/Clover,"$1,515 - $2,085"
Jordan 5 Retro Fire Red (2013),136027-100,$160,2013-01-26,White/Fire Red-Black,$212 - $316
Jordan 12 Retro Flu Game 2016 (GS),153265-002,$140,2016-05-28,Black/Varsity Red,$118 - $152
Jordan 2 Retro Eminem (The Way I Am),308308-002,$110,2008-12-18,Black/Stealth-Varsity Red,"$3,149 - $3,851"
Jordan 1 SB Lance Mountain Black,653532-002,$150,2014-06-07,Black/Red Black/Royal,$357 - $403
Jordan 10 Retro Shadow CDP (2008),310805-061,$155,2008-01-19,Black/Dark Shadow-True Red,$211 - $289
Jordan 11 Retro Gamma Blue,378037-006,$185,2013-12-21,Black/Gamma Blue-Varsity Maize,$347 - $381
Jordan 3 Retro True Blue (2016),854262-106,$220,2016-11-25,White/True Blue-Varsity Red,$152 - $178
Jordan 5 Retro 3Lab5 Black Silver,599581-003,$225,2014-07-26,Black/Metallic Silver,$118 - $212
Jordan 1 Retro Family Forever,682781-415,$140,2014-06-14,Obsidian/White-Dark Powder Blue-Game Royal,$145 - $205
Jordan 23 White Stealth,318376-102,$185,2008-04-05,White/Stealth-Black-Metallic Gold,$206 - $344
Jordan 11 Retro 72-10 (GS),378038-002,$160,2015-12-12,Black/Gym Red-White-Anthracite,$131 - $169
Jordan XX9 Hare,695515-805,$225,2015-05-05,Bright Mandarin/Ink-White-Light Poison Green,$73 - $107
Jordan 15 Retro PSNY Woven Black Friends and Family,TBD,Black/Black-Sail,$190,2017-09-10,--,-- - --
Jordan 20 Retro Playoff,310455-003,$220,2015-06-06,Black/White-Cool Grey,$169 - $231
Jordan Son of Mars Hot Lava,512245-105,$160,2015-07-22,White/Fuchsia Flash-Black-Wolf Grey-Hot Lava,$93 - $113
Jordan XX9 Black Team Orange,695515-005,$225,2014-09-06,Black/Team Orange-Dark Grey,$170 - $326
Jordan 5 Retro Triple Black,881432-010,$400,2017-07-08,Black/Black-Black,$222 - $312
Jordan Converse Pack,917931-900,$300,2017-06-28,Multi-Color/Multi-Color,$162 - $238
Jordan 11 Retro Low Bred (GS),528896-012,$120,2015-05-22,Black/True Red-White,$201 - $237
Jordan 16 Retro Trophy Room French Blue,854225-416,$275,2016-11-05,French Blue/White,$241 - $299
Jordan 1 Retro Bred (1994),130207-061,Black/Varsity,Red-White,1994-01-01,--,$748 - $882
Jordan 5 Retro Shanghai Shen,136027-089,$170,2013-09-29,Black/Varsity Maize-Varsity Royal-Black,$635 - $861
Jordan Countdown Pack 10/13,318539-991,$310,2008-01-19,Multi-Color/Multi-Color,$472 - $678
Jordan 1 Retro White Elephant Print,839115-106,$140,2016-02-11,White/Pure Platinum,$73 - $127
Jordan 14 Retro White Chartreuse,311832-132,$150,2005-09-24,White/Chartreuse-Black,$228 - $322
Jordan 4 Retro Pony Hair Black,819139-010,$400,2016-04-09,Black/Sail-Black,$307 - $473
Jordan 1 Retro AJKO Blue Quilted,638471-403,$140,2016-08-27,Obsidian/White-Metallic Red Bronze,$89 - $111
Jordan 1 Retro Metallic Red 2017 (GS),575441-103,$120,2017-05-06,White/Varsity Red,$131 - $169
Jordan 8 Retro Black Cement (GS),305368-022,$140,2017-09-16,Black/Gym Red-Black-Wolf Grey,$100 - $120
Jordan XX9 BHM,727133-110,$225,2015-01-17,White/Black,$190 - $310
Jordan 1 Retro Low OG Ice Blue,905136-402,$140,2017-04-01,Ice Blue/Vachetta Tan-White,$126 - $174
Jordan 5 Retro Stealth,136027-142,$135,2006-10-21,White/Sport Royal-Stealth,$319 - $381
Jordan 2 Retro Iron Purple,385475-553,$150,2014-05-24,Iron Purple/Infrared 23-Dark Concord,$138 - $232
Jordan 2 Retro Premio Bin 23,398277-201,$175,2010-04-10,Cinder/Black,$616 - $994
Jordan 4 Retro Toro Bravo,308497-603,$160,2013-07-13,Fire Red/White-Black-Cement Grey,$167 - $347
Jordan 8 Retro Alternate (GS),305368-104,$140,2017-02-25,White/Gym Red-Black-Wolf Grey,$106 - $152
Jordan 13 Retro Black Mint Foam (GS),439358-015,$140,2017-07-22,Black/Metallic Gold-Mint Foam-White,$35 - $105
Jordan 13 Retro Bred (2004),309259-061,$150,2004-12-22,Black/Varsity Red-White,$144 - $306
Jordan 3 Retro True Blue 2016 (GS),854261-106,$160,2016-11-25,White/True Blue-Varsity Red,$65 - $115
Jordan 5 Retro Tokyo T23,454783-701,$206,2011-04-29,Varsity Maize/Anthracite-Wolf Grey-Black,"$3,479 - $4,221"
Jordan 19 OG Chrome,307546-102,$165,2004-03-13,White/Chrome/Flint Grey-Black,$190 - $310
Jordan Countdown Pack 6/17,323939-991,$310,2008-05-24,Multi-Color/Multi-Color,$199 - $471
Jordan 1 Retro Chicago (2013),332550-163,$140,2013-01-10,White/Varsity Red-Black,$260 - $390
Jordan 1 Retro Black Gum,555088-020,$140,2014-12-06,Black/Black-Gum,$92 - $158
Jordan 1 Retro Rare Air Cool Grey,332550-024,$140,2017-01-17,Cool Grey/Black-White,$93 - $113
Jordan 11 Retro Low IE White/Black (2011),306008-100,$120,2011-08-13,White/Black-Metallic Silver,$191 - $309
Jordan 15 Retro PSNY Woven Olive,AO2568-200,$190,2017-09-10,Medium Olive/Medium Olive-Sail,$226 - $264
Jordan 12 Retro Chinese New Year,881427-122,$250,2017-01-28,White/Black-Varisty Red,$160 - $300
Jordan 1 Retro KO Sail (2016),638471-102,$140,2016-03-05,Sail/Varsity Red,$52 - $98
Jordan XXX Black Cat,811006-010,$200,2016-04-16,Black/Anthracite-Black-White,$77 - $133
Jordan 7 Retro Pure Platinum,304775-120,$190,2017-06-03,White/Metallic Silver-Pure Platinum,$86 - $132
Jordan 3 Retro Doernbecher (2013),437536-600b,Varsity,Red/Metallic,Silver-Black,$160,2013-07-20,--,$530 - $670
Jordan 5 Retro Low Wolf Grey (GS),819172-122,$120,2016-04-09,White/Black-Wolf Grey,$50 - $130
Jordan 1 Retro Deep Royal,332550-420,$150,2016-12-01,Deep Royal/Black-White,$60 - $104
Jordan Spiz'ike Year of the Dragon,315371-415,$175,2012-02-24,University Blue/White-Italy Blue-Vivid Orange,$133 - $249
Jordan 4 Retro Military Blue (2012),308497-105,$160,2012-06-09,White/Military Blue-Neutral Grey,$158 - $222
"Jordan 6 Retro All Star 2017 ""Chameleon"" (GS)",907960-015,$180,2017-02-17,Black/Black-White,$77 - $101
Jordan 5 Retro Blue Suede,136027-401,$190,2017-09-30,Game Royal/Black,$232 - $278
Jordan 13 Retro Bred 2017 (GS),414574-004,$140,2017-08-19,Black/True Red-White,$63 - $117
Jordan 8 Retro Pea Pods,316324-481,$150,2007-09-29,Midnight Navy/Pea Pod-Orange Blaze,$263 - $337
Jordan 7 Retro Bordeaux (2015),304775-034,$190,2015-07-18,Black/Bordeaux-Light Graphite-Midnight Fog,$171 - $245
Jordan 1 Retro High Flyknit Bred (GS),919702-001,$140,2017-09-09,Black/Varsity Red-White,$98 - $102
Jordan 17 OG Low Black Chrome,303891-004,$150,2002-10-05,Black/Chrome,$382 - $618
Jordan Dub Zero Laser,705413-100,$185,2015-02-28,White/White-Metallic Silver,$140 - $210
Jordan 1 Retro Low N7,744805-100,$100,2015-06-03,White/Dark Turquoise-Black-Ice Cube Blue,$91 - $149
Jordan 1 Retro UNC (GS),575441-117,$120,2015-10-10,White/Dark Powder Blue,$62 - $114
Jordan 10 Retro Old Royal,487214-107,$160,2012-02-11,White/Old Royal-Stealth,$201 - $249
Jordan 1 Retro Golf Cleat Chicago,917717-100,$200,2017-02-10,White/Black-Varsity Red,$243 - $407
Jordan 12 Retro PSNY Wheat,AA1233-700,$300,6/28/17,Wheat/Wheat-Gum Light Brown,$308 - $492
Jordan 1 Retro Un-Supreme,839115-013,$140,2016-01-21,Black/Cement-White-Varsity Red,$68 - $132
"Jordan 6 Retro All Star 2017 ""Chameleon""",907961-015,$225,2017-02-19,Black/Black-Metallic Silver-White,$85 - $135
Jordan 11 Retro Cool Grey (2010),378037-001,$175,2010-12-23,Medium Grey/White-Cool Grey,$287 - $473
Jordan 4 Retro White Cement (2016),840606-192,$220,2016-02-13,White/Fire Red-Black-Tech Grey,$239 - $283
Jordan Formula 23 Low Quai 54,AA7201-054,$120,2017-06-24,Black/Italy Blue-University Red,$120 - $154
Jordan 13 Retro Bred (2013),414571-010,$170,2013-01-12,Black/Varsity Red-White,$283 - $467
Jordan 1 Retro Nouveau BHM (2016),836749-045,$150,2016-01-16,Black/White/Black/Voltage Green,$60 - $110
Jordan Horizon PSNY,827432-002,$225,2015-12-12,Black/White-Pure Platinum-Anthracite,$145 - $237
Jordan 3 Retro Infrared 23,136064-123,$170,2014-03-08,White/Cement Grey-Infrared 23-Black,$139 - $241
Jordan 6 Retro Green Glow (GS),543390-005,$140,2016-04-30,Cement Grey/Green Glow-Dark Grey-Gorge Green,$45 - $105
Jordan 5 Retro Olympic (2016),136027-133,$190,2016-08-20,White/Black-Metallic Gold Coin,$110 - $210
Jordan 10 Retro Red Steel,310805-161,$125,2005-09-17,White/Varsity Red/Light Steel Grey,$157 - $287
Jordan 6 Retro Infrared White (2014),384664-123,$170,2014-02-15,White/Infrared,$122 - $188
Jordan 20 OG West Coast Blue,310455-411,$175,2005-07-01,University Blue/White-Black,$159 - $211
Jordan 11 Retro Low IE Bred,306008-061,$115,2003-05-24,Black/Varsity Red-Dark Charcoal,$161 - $239
Jordan 8 Retro Confetti,832821-004,$250,2016-06-25,Black/Metallic Gold-Anthracite,$157 - $283
Jordan 1 SB Lance Mountain White,653532-100,$150,2014-06-07,White/Red White/Royal,$292 - $408
Jordan 1 Retro Levi's,332083-435,$395,2008-03-01,Varsity Red/Midnight Navy-Khaki-White,$613 - $787
Jordan 7 Retro Cardinal (2006),304775-101,$135,2006-04-22,White/Black-Cardinal Red-Bronze,$283 - $317
Jordan 1 Retro Ultra High Black White,844700-050,$150,2016-08-13,Black/Ghost Green-Blue Lagoon-Infrared 23,$87 - $99
Jordan 11 Retro Pinnacle Grey Suede,914433-003,$400,2016-12-23,Cool Grey/Sail,$476 - $680
Jordan Son of Mars Stealth,512245-037,$160,2012-08-11,Stealth/White-Shaded Blue-University Gold,$141 - $159
Jordan 9 Retro White Black CDP (2008),302370-161,$155,2008-03-15,White/Black-True Red,$98 - $234
Jordan Defining Moments Pack Last Shot,897563-900,$500,2017-06-14,Multi-Color/Multi-Color,$230 - $384
Jordan 4 Retro Pure Money (2017),308497-100,$190,2017-05-13,White/Metallic Silver-Pure Platinum,$105 - $145
Jordan 1 Retro High Wings,AA2887-035,$200,2017-05-17,Black/Black-Metallic Gold,$216 - $240
Jordan 16 Retro Bred CDP (2008),322723-061,$155,2008-06-21,Black/Varsity Red Countdown Pack,$181 - $359
Jordan 6 Rings Concord,322992-151,$150,2008-10-08,White/Dark Concord-Black,$175 - $275
Jordan 2 Retro Low Gym Red,832819-606,$160,2016-04-02,Gym Red/University Red/Hyper Turquoise,$83 - $155
Jordan 13 Retro Barons Hologram,414571-115,$185,2014-10-25,White/Tropical Teal-Black-Wolf Grey,$173 - $275
Jordan 4 Retro Motorsports Alternate,308497-006,$190,2017-06-17,Black/Game Royal-Matte Silver-White,$121 - $179
Jordan 5 Retro Tropical Teal (GS),440892-307,$120,2013-11-23,Tropical Teal/White-Digital Pink-Court Purple,$77 - $95
Jordan XX9 Photo Reel,695515-806,$225,2015-02-13,Photo Reel/Team Orange-Gym,$615 - $837
Jordan 3 Retro White Cement (2011),136064-105,$150,2011-01-22,White/Cement Grey-Fire Red,$418 - $626
Jordan 1 Retro Pinnacle Baroque Brown,705075-205,$400,2015-10-31,Baroque Brown/Metallic Gold-White,$207 - $273
Jordan 1.5 Retro Militia Green (2015),768861-008,$150,2015-09-19,Black/Militia Green-White-Gum Yellow,$51 - $99
Jordan 9 Retro Citrus,302370-004,$150,2010-07-01,Black/Citrus,$300 - $350
Jordan 7 Retro DMP Magic,304775,$155,2009-08-15,161 White/Varsity Royal-Black,$169 - $301
Jordan 12 Retro Deep Royal Blue,130690-400,$190,2016-11-12,Deep Royal Blue/White-Metallic Silver,$194 - $246
Jordan 1 Retro High OG Black,555088-022,$160,2017-08-01,Black/University Red,$88 - $112
Jordan Hydro Slide Retro 5 Pinnacle Bronze,854555-105,$75,2016-10-22,Metallic Bronze/White,$103 - $137
Jordan 1 Retro Sonics,554724-307,$105,2013-07-20,Gorge Green/University Gold-White-Black,$113 - $147
Jordan 7 Retro J2K Obsidian,543560-415,$175,2012-08-04,Obsidian/Natural-Filbert-White,"$992 - $1,408"
Jordan 14 Retro Black Toe (2014),487471-102,$170,2014-09-20,White/Black-Varsity Red-Metallic Silver,$170 - $300
Jordan 13 Retro Low Pure Platinum,310810-100,$175,2017-05-20,White/Metallic Silver,$113 - $137
Jordan Future Black Ice,656503-011,$150,2014-08-27,Black/Black-Clear,$212 - $288
Jordan 7 Retro Pure Platinum (GS),304774-120,$140,2017-06-03,White/Metallic Silver-Pure Platinum,$98 - $160
Jordan 6 Retro Champagne,384664-350,$250,2014-06-14,Pure Green/Metallic Gold-Chilling Red-Black,$267 - $393
Jordan 1 Retro Nouveau Dunk From Above,819176-104,,$150,2016-03-01,--,$99 - $149
Jordan 8 Retro Cool Grey (GS),305368-014,$140,2017-08-26,Cool Grey/Wolf Grey-Cool Grey,$100 - $120
Jordan XXX White Black,811006-101,$200,2016-02-10,White/Wolf Grey-Black,$132 - $198
Jordan 2 Retro Decon Sail,897521-100,$160,2017-07-15,Sail/Sail-Bio Beige,$73 - $107
Jordan 7 Retro Orion,304775-105,$150,2011-03-26,White/Orion Blue-Black-Infrared,$261 - $289
Jordan 1 Retro Shadow (2009),332550-001,Black/Shadow,Grey,White,--,$367 - $533
Jordan 1 Retro Low OG White Vachetta,905136-100,$140,2017-04-01,White/Vachetta Tan-White,$100 - $100
Jordan 11 Retro Legend Blue (PS),378039-117,$85,2014-12-20,White/Legend Blue-Black,$59 - $81
Jordan 9 Retro Pinnacle Baseball Brown,897560-203/AH6233-903,$250,2017-07-15,Hazelnut/Sail,$353 - $437
Jordan 4 Retro Motorsports (2017),308497-117,$190,2017-03-26,White/Varsity Blue-Black,$122 - $154
Jordan 1 Retro Black Toe (2016) (GS),575441-125,$120,2016-11-05,Black/White-Varsity Red,$193 - $243
Jordan 9 Retro Low Pantone,832822-401,$170,2016-06-11,University Blue/White/Black/University Blue,$147 - $173
Jordan 7 Retro For The Love of the Game,304775-103,$150,2010-08-14,White/Red-Gold,$211 - $359
Jordan 1 Retro High Camo 3M Bred,AA3993-032,$145,2017-09-01,River Rock/Black-University Red-Dark Stucco-White,$221 - $279
Jordan 9 Retro Olive (2002),302370-031,$125,2002-03-09,Black/Light Olive-True Red,$326 - $474
Jordan 11 Retro Concord (2000),136046-101,$125,2000-10-25,White/Black-Dark Concord,$273 - $407
Jordan 1 Retro Low Black Grey (2015),705329-003,$130,2015-12-30,Black/Medium Grey-Sail,$85 - $105
Jordan 17 Black Metallic Silver (2002),302720-041,$200,2002-03-20,Black/Metallic Silver,$152 - $258
Jordan 7 Retro Hare 2015 (GS),304774-125,$140,2016-05-16,White/True Red-Light Silver-Tourmaline,$132 - $140
Air Jordan CP3 III Brazil,687913-720,$250,2014-01-06,Black/Green-Yellow,$54 - $96
Jordan Future Volt,656503-720,Volt/Volt-White,--,$138 - $212
Jordan 4 Retro Royalty (GS),408452-032,$140,2017-02-04,Black/Metallic Gold-White,$63 - $119
Jordan 10 Retro Lady Liberty (GS),705179-045,Dust/Metallic,Gold/Black,--,$78 - $120
Jordan Spiz'ike Oreo,315371-004,$175,2015-05-20,Black/Cool Grey-Grey Mist-White,$101 - $149
Jordan 8 Retro Bugs Bunny CDP (2008),305381-103,$155,2008-11-15,White/Black-True Red,$110 - $210
Jordan 5 Retro White Cement (GS),440888-104,$140,2017-08-05,White/University Red-Black-Matte Silver,$68 - $92
Jordan XX8 Green Camo,584832-301,$250,2013-02-16,Electric Green/White,$138 - $262
Jordan 6 Retro Chrome 2015 (GS),768881-003,$135,2015-08-29,Black/Metallic Silver-White,$14 - $106
Jordan 11 Retro Low Concord,528895-153,$150,2014-05-03,White/Black-Concord,$238 - $286
Jordan Future Gym Red,656503-601,Gym,Red/Gym,Red-White,--,$166 - $184
Jordan 12 OG Flu Game (1997),130690-061,$135,1997-06-01,Black/Varsity Red,$286 - $464
Jordan 15 Retro Bred CDP (2008),317111-062,$155,2008-11-15,Black/Red,$285 - $415
Jordan 1 Retro Golf Cleat White Metallic,917717-101,$200,2017-02-10,White/Metallic Silver,$168 - $252
Jordan 1 Retro Melo PE,332550-026,$130,2014-12-20,Black/Metallic Gold-White,$110 - $210
Jordan 1 Retro 4lab1 Reflect Silver,677690-012,$185,2014-12-19,Black/Reflect Silver-White,$97 - $129
Jordan 2 Retro Low University Blue (2016),832819-107,$160,2016-06-11,White/University Blue-Midnight Navy,$79 - $101
Jordan 6 Retro Olympic London (2012),384664-130,$160,2012-07-07,White/Midnight Navy-Varsity Red,$192 - $274
Jordan 14 Retro Last Shot (2011),311832-010,$160,2011-12-17,Black/Black-Varsity Red,$297 - $403
Jordan 13 Retro Wheat,309259-171,$150,2004-10-23,White/Wheat,$422 - $578
Jordan 12 Retro Grey University Blue,130690-007,$190,2016-06-25,Grey/University Blue-White,$128 - $212
Jordan 8 Retro Low White Metallic Silver,306157-101,$110,2003-06-21,White/Metallic Silver,$135 - $165
Jordan 21 White Varsity Red Metallic Silver (2006),313038-161,$175,2006-02-18,White/Varsity Red-Metallic Silver,$171 - $305
Jordan 14 Retro Low Laney (2015),807511-405,$170,2015-10-03,Varsity Royal/Varsity Maize-Black-White,$165 - $235
Jordan 3 Retro Do The Right Thing (DTRT),315297-471,$135,2007-04-14,Brisk Blue/Pro Gold-Radient Green,$260 - $358
Jordan 2 Retro White Red (2014),385475-102,$150,2014-06-07,White/Black-Varsity Red-Cement Grey,$107 - $213
Jordan 12 Retro Hyper Violet (GS),510815-018,$140,2016-06-18,Black/Metallic Gold Star-Hyper Violet,$85 - $155
Jordan 4 Retro Deep Royal Blue (GS),487724-132,$140,2016-03-09,White/Deep Royal Blue-Wolf Grey-Hyper Orange,$72 - $202
Jordan 1.5 Retro Chicago (2015),768861-601,$150,2015-07-25,Varsity Red/Black-White,$139 - $201
Jordan 1 Retro Dave White Wings for the Future,464803-001,$175,2012-02-11,Black/Sport Red-White-Cement Grey,$61 - $379
Jordan 12 Retro Obsidian (2012),130690-410,$160,2012-06-23,Obsidian/White-French Blue-University Blue,$203 - $297
Jordan x Max Atmos Pack,923098-900,$400,2017-03-18,Multi-Color/Multi-Color,$589 - $931
Jordan 5 Retro Premio Bin23,444844-001,$175,2011-02-18,Black/Black-Metallic Silver,"$941 - $1,359"
Jordan 14 Retro Last Shot (2005),311832-002,$150,2005-12-24,Black/Black-Varsity Red,$157 - $283
Jordan 1 Retro Low Metallic Blue,705329-106,$130,2016-03-19,White/Midnight Navy,$22 - $76
Jordan 1 Retro KO Shadow (2015),638471-003,$140,2016-02-06,Black/Shadow Grey-White,$72 - $116
Jordan 14 Retro Black CDP (2008),311832-061,$155,2008-03-15,Black/True Red-White,$94 - $202
Jordan 11 Retro Low Citrus 2015 (GS),580521-139,$120,2015-06-20,White/White-Citrus,$168 - $230
Jordan 1 Retro Low Royal (2015),705329-004,$130,2015-10-07,Black/Varsity Royal-Sail,$72 - $148
Jordan 1 Retro Reverse Shattered Backboard (GS),575441-113,$120,2016-10-08,Sail/Starfish-Black,$235 - $263
Jordan 1 Retro Low Swooshless Black,848775-005,$150,2016-05-21,Black/Black-Sail,$48 - $158
Jordan 5 Retro Black Metallic 2016 (GS),845036-003,$180,2016-07-23,Black/Fire Red-Metallic Silver-White,$72 - $118
Jordan 1 Retro Low Cyber Monday (2016),705329-010,$130,2016-01-23,Black/White,$109 - $117
Jordan 4 Retro Pure Money 2017 (GS),408452-100,$140,2017-05-13,White/Metallic Silver-Pure Platinum,$139 - $179
Jordan 13 Retro He Got Game CDP (2008),309259-104,$155,2008-01-19,White/Black-True Red,$198 - $292
Jordan 13 Retro Playoffs (2011),414571-001,$160,2011-02-26,Black/Varsity Red-White-Vibrant Yellow,$339 - $511
Jordan 11 Retro Low IE Azure (2007),316319-171,$125,2007-07-21,White/Varsity Maize-Azzure,$151 - $193
Jordan 10 Retro Heiress Pearl (GS),832645-207,$150,2016-05-07,Pearl White/Black-Black,$98 - $182
Jordan XXX1 Low Georgetown,897564-007,$160,2017-03-07,Wolf Grey/College Navy-White,$60 - $140
Jordan 4 Retro Classic Green,308497-101,$100,2004-07-24,White/Chrome-Classic Green,$260 - $428
Jordan 7 Retro Bordeaux (2011),304775-003,$150,2011-04-16,Black/Light Graphite-Bordeaux,$118 - $282
Jordan 12 Retro OVO White,873864-102,$225,2016-10-01,White/Metallic Gold-White,$651 - $739
Jordan 1 Retro Ultra High White Black,844700-132,$150,2016-08-13,White/Metallic Gold Coin-Black-Pure Platinum,$73 - $87
Jordan 7 Retro Raptors (2012),304775-018,$160,2012-09-01,Black/True Red-Dark Charcoal-Club Purple,$233 - $317
Jordan 12 Retro Dynamic Pink (GS),510815-109,$140,2016-03-05,White/Vivid Pink-Metallic Silver,$155 - $205
Jordan 10 Retro Steel (2013),310805-103,$170,2013-10-12,White/Black-Light Steel Grey-Varsity Maize,$269 - $381
Jordan 1 Retro Premier Laser,332134-061,$115,2013-12-21,Black/Varsity Red-White,$301 - $399
Jordan 11 Retro Low IE Cobalt (2003),306008-142,$115,2003-05-24,White/Cobalt-Zen Grey-Cement-Grey,$158 - $192
Jordan 5 Retro Supreme Black,824371-001,$198,2015-10-16,Black/Fire Red,$440 - $520
Jordan 13 Retro Altitudes (2010),414571-002,$160,2010-12-11,Black/Altitude Green,$142 - $376
Jordan XX9 Jimmy Butler PE,855514-605,$190,2016-02-24,Gym Red/Gym Red-Black,$126 - $174
Jordan 6 Retro Maroon 2015 (GS),836342-115,$160,2015-12-05,Off White/New Maroon,$114 - $154
Jordan Spiz'ike BHM Volt,579593-712,$175,2013-02-09,Volt/Black-Photo Blue,$104 - $194
Jordan XXX UNC,811006-107,$200,2016-03-05,White/University Blue-Black,$88 - $162
Jordan 3 Retro Black Cement (2011),136064-010,$160,2011-11-25,Black/Cement Grey-White-Varsity Red,$254 - $446
Jordan 9 Retro Kobe Bryant PE,302370-121,$190,2016-11-19,White/Concord-Tour Yellow,$106 - $174
Jordan 12 Retro Wool,852627-003,$200,2016-10-01,Dark Grey/Metallic Silver-Black,$117 - $203
Jordan 20 OG Quickstrike,310455-101,$175,2005-04-09,White/Black-Varsity Red,$212 - $278
Jordan Future Iguana,656503-201,$150,2014-06-21,Iguana/Iguana-White,$124 - $208
Jordan 12 Retro Playoffs (2012),130690-001,$160,2012-04-21,Black/White-True Red,$183 - $339
Jordan 13 Retro Alternate History Of Flight (GS),414574-103,$140,2017-07-22,White/Metallic Silver-University Red,$58 - $82
Jordan Spiz'ike Mars / Do You Know,315371-165,$175,2010-01-09,White/Fire Red-Black,$217 - $255
Jordan 11 Retro Playoffs 2012 (GS),378038-010,$120,2012-12-21,Black/True Red-White,$348 - $450
Jordan Trunner LX Black Red (2017),905222-001,$140,2017-05-03,Black/White-Gym Red,$68 - $92
Jordan Countdown Pack 3/20,338153-991,$310,2008-10-18,Multi-Color/Multi-Color,$544 - $706
Jordan 1 Retro RTTG Barcelona,539541-035,$130,2012-07-21,Stealth/Sunburst-University Blue-White,$112 - $138
Jordan 23 White Varsity Red,318376-161,$185,2008-05-31,White/Varsity Red-Metallic Silver,$296 - $454
Jordan 11 Retro Low Infrared 23 (GS),528896-023,Black/Infrared,23-Pure,Platnium,--,$116 - $214
Jordan 12 Retro PSNY Olive,AA1233-200,$300,6/28/17,Medium Olive/Medium Olive,$354 - $496
Jordan 5 Retro DMP Raging Bull Red Suede,136027-601,$155,2009-05-30,Varsity Red/Black,$675 - $925
Jordan 18 OG Low Melo,306151-104,$150,2003-09-06,White/Chrome - University Blue - Metallic Silver,$223 - $427
Jordan 6 Retro Infrared White (2010),384664-102,$150,2010-06-19,/ 103 White/Varsity Red-Black,$146 - $204
Jordan 1 Retro Heiress Night Maroon (GS),832596-640,$140,2016-11-05,Night Maroon/Metallic Gold-White,$261 - $339
Jordan 1 Retro Rare Air Patch,332550-014,$140,2015-08-04,Black/Gym Red-Black-White,$85 - $121
Jordan 8 Retro Aqua 2015 (GS),305368-025,$130,2015-11-27,Black/Bright Concord-Aqua Tone,$79 - $127
Jordan 3 Retro Cool Grey,315297-062,$135,2007-02-24,Silver/Sport Red-Light Graphite-Orange Peel,$287 - $413
Air Jordan 2 Retro QF Black White,395709-001,$120,2010-10-23,Black/White,$257 - $293
Jordan 13 Retro Bred (2017),414571-004,$190,2017-08-19,Black/True Red-White,$177 - $193
Jordan 6 Retro Sport Blue 2014 (GS),384665-107,$120,2014-08-30,White/Sport Blue-Black,$17 - $95
Jordan 6 Retro Carmine (2014),384664-160,$170,2014-05-24,White/Carmine-Black,$277 - $341
Jordan 10 Retro Los Angeles,310805-404,$190,2016-05-14,Ocean Fog/Blue Lagoon-Midnight Navy,$95 - $165
Jordan 13 Retro Black Cat,414571-011,$190,2017-01-21,Black/Anthracite-Black,$153 - $217
Jordan XXX1 Russell Westbrook MVP,AA9794-023,$185,2017-06-26,Black/Total Orange-Blue Hero,$545 - $655
Jordan 3 Retro Wolf Grey,136064-004,$170,2014-07-19,Wolf Grey/Metallic Silver-Black-White,$168 - $232
Jordan 3 Retro Powder Blue (GS),398614-406,$130,2014-01-18,Dark Powder Blue/Black-Wolf Grey-White,-- - $97
Jordan 1 Retro Cyber Monday (2015),555088-006,$160,2015-11-30,Black/Dark Grey- White,$107 - $151
Jordan 12 Retro Flu Game (2003),136001-063,$135,2003-10-01,Black/Varsity Red,$401 - $599
Jordan 4 Retro Motorsports Alternate (GS),408452-006,$140,2017-06-17,Black/Soar-Matte Silver,$90 - $110
Jordan 1 Retro BHM 2017 (GS),909805-700,$140,2017-02-16,Metallic Gold/Black-White,$85 - $155
Jordan Defining Moments Pack (6/11),313124-991,$296,2006-01-28,Multi-Color/Multi-Color,"$1,047 - $1,453"
Jordan 2 Retro Nightshade,385475-303,$150,2014-05-17,Nightshade/Volt Ice-Black-Pure Platinum,$100 - $200
Jordan 12 Retro Grey University Blue (GS),153265-007,$140,2016-06-25,Wolf Grey/University Blue-White,$136 - $144
Jordan 1 Retro High Off-White Virgil Chicago,AA3834-101,$190,2017-09-09,White/Black-Varsity Red,"$2,083 - $2,717"
Jordan 6 Retro Low Ghost Green,304401-106,$175,2015-09-19,White/Ghost Green-Insignia Blue,$174 - $226
"Jordan 1 Retro Satin ""Royal""",921193-007,$175,2017-04-01,Black/Varsity Royal-White,"$773 - $1,671"
Jordan 1 Retro LS Sport Red,315794-611,$110,2007-05-19,Sport Red/Varsity Blue-White,$82 - $218
Jordan XXX1 Why Not? Cement,AA9794-003,$185,2017-04-29,Cement Grey/Black-Dark Grey-White,$195 - $275
Jordan 9 Retro For The Love Of The Game,302370,$160,2010-08-11,401 University Blue/White-Black,$230 - $394
Jordan 17 Retro Black Silver CDP (2008),322721-001,$155,2008-05-24,Black/Metallic Silver,$250 - $350
"Jordan 1 Retro Bred 2016 ""Banned"" (GS)",575441-001,$120,2016-09-03,Black/Varsity Red-White,$205 - $235
Jordan 1 Retro Rare Air Bred,332550-012,$140,2015-09-01,Black/Varsity Red-White,$106 - $194
"Jordan 1 Retro Satin ""Royal"" (GS)",AA4073-007,$160,2017-04-01,Black,$349 - $525
Jordan 4 Retro Black Cement CDP (2008),308497-003,$155,2008-07-19,Black/Cement Grey-Fire Red,$339 - $411
Jordan 10 Retro New York City (2016),310805-012,$190,2016-04-27,Black/Dark Grey-Metallic Gold,$86 - $144
Jordan 12 Retro Nubuck (2009),130690-018,$150,2009-05-30,Black/White-University Blue,$95 - $297
Jordan 11 Retro Low Barons,528895-010,$175,2017-05-27,Black/Metallic Silver-White,$196 - $236
Jordan Spiz'ike Do The Right Thing,315371-162,$175,2007-09-22,White/Varsity Red-Argon Blue-Gold,$112 - $188
"Jordan 1 Retro Satin ""Banned""",917359-001,$175,2016-10-18,Black/University Red-White,"$1,591 - $1,875"
Jordan 1 Retro Heiress Plum Fog (GS),832596-025,$110,2016-09-10,Light Bone/Metallic Gold-Plum Fog-White,-- - $74
Jordan XX8 Playoffs (Oak Hill),555109-011,$250,2013-04-27,Black/White/Gym Red/Anthracite,$116 - $184
Jordan 12 Retro Chinese New Year (GS),881428-142,$160,2017-01-28,Light Orewood Brown/Varisty Red,$273 - $377
Jordan 11 Retro Space Jam 2016 (TD),378040-003,$70,2016-12-10,Black/Dark Concord-White,$54 - $76
Jordan 1 Retro Black Toe (2013),555088-184,$140,2013-05-25,White/Black-Gym Red,$217 - $331
Jordan 1 Retro High Decon Ice Blue,867338-425,$100,2017-04-16,Ice Blue/Vachetta Tan-White,$46 - $74
Jordan 8 Retro Orange White,305381-102,$140,2007-10-20,White/Stealth/Orange Blaze/Silver,$136 - $224
Jordan 13 Retro Squadron Blue,414571-405,$170,2013-02-09,Squadron Blue/Electric Yellow-Black,$154 - $296
Jordan 6 Retro History of Jordan (Spiz'ike),694091-625,$170,2014-08-09,Varsity Red/Classic Green-Black-White,$178 - $240
Jordan 22 OG Black Varisty Red,315299-001,$175,2007-04-07,Black/Varsity Red-Metallic Silver,$168 - $232
Jordan 1 Retro Chicago Bulls (2009),332550-061,$110,2009-07-11,White/Varsity Red-Black,$318 - $523
Jordan 12 Retro Gamma Blue,130690-027,$170,2013-12-26,Black/Gym Red-Gamma Blue,$228 - $374
Jordan 5 Retro Laser,315739-131,$175,2007-01-18,White/Army Olive-Solar Orange-Bison,$549 - $751
Jordan 1 Retro Low OG Black Vachetta,905136-010,$140,2017-04-01,Black/Vachetta Tan-White,$96 - $104
Jordan 10 Retro Double Nickel,310805-102,$190,2015-03-28,White/Black-True Red,$157 - $233
Jordan Trunner LX OVO Black White,AH9110-023,$140,2017-05-27,Black/Metallic Gold-White,$473 - $727
Jordan 1 Retro Chicago Bulls Patent (2003),136085-106,$110,2003-11-23,White/Varsity Red-Black,$330 - $470
